match_id,phase,date,group,home_team,away_team,model_lambda_home,model_lambda_away,calibrated_lambda_home,calibrated_lambda_away,lambda_before_manual_adjustment,lambda_after_manual_adjustment,manual_adjustment_applied,adjustment_notes,lineup_confidence,favorite_team,rank_gap,elo_gap,recommended_home_goals,recommended_away_goals,recommended_score,expected_penka_points,exact_score_probability,correct_goal_difference_or_draw_probability,correct_winner_probability,wrong_probability,baseline_favorite_1_0_score,baseline_favorite_1_0_ev,baseline_favorite_2_0_score,baseline_favorite_2_0_ev,draw_1_1_ev,most_likely_score,most_likely_score_ev,recommendation_method,selected_by,tiebreak_changed_selection,confidence_bucket,refresh_required_before_match
1,group,2026-06-11,Group A,Mexico,South Africa,1.7569648078458764,0.6294627014062129,1.6366120218579234,0.7073170731707317,1.636612/0.707317,1.636612/0.707317,False,,unknown/unknown,Mexico,42.0,175.51224779874997,1,0,1-0,1.7744166227187892,0.1581088949401302,0.11097163022472277,0.32547862867198496,0.405440846163162,1-0,1.7744166227187892,2-0,1.634968386175744,0.9595155813256311,1-0,1.7744166227187892,penka_expected_value_with_exact_score_tiebreak,max_ev,False,medium,True
2,group,2026-06-11,Group A,South Korea,Czechia,1.4621502986154962,0.9462283300710415,1.5684931506849316,0.9733727810650887,1.568493/0.973373,1.568493/0.973373,False,,unknown/unknown,South Korea,23.0,83.18330223225826,1,0,1-0,1.5140506948306205,0.12421819729848149,0.12225620682035734,0.2630955439385706,0.49043005194259065,1-0,1.5140506948306205,2-0,1.371394051605182,1.0064527387558115,1-0,1.5140506948306205,penka_expected_value_with_exact_score_tiebreak,max_ev,False,medium,True
3,group,2026-06-18,Group A,Czechia,South Africa,1.3141940388839055,0.9418704844871577,1.3272727272727274,0.9733727810650887,1.327273/0.973373,1.327273/0.973373,False,,unknown/unknown,Czechia,13.0,78.6579461719814,1,0,1-0,1.40057693896814,0.13338313008287359,0.10683962065047925,0.20657121330116732,0.5532060359654798,1-0,1.40057693896814,2-0,1.2039474976539526,1.096031800681602,1-0,1.40057693896814,penka_expected_value_with_exact_score_tiebreak,max_ev,False,low,True
4,group,2026-06-18,Group A,Mexico,South Korea,1.4009420885125252,1.132567026257716,1.4360902255639099,1.1559322033898303,1.436090/1.155932,1.436090/1.155932,False,,unknown/unknown,Mexico,6.0,13.670999394510318,1,0,1-0,1.3090235545052578,0.10804275123828289,0.11820472620446026,0.20709780985023135,0.5666547127070257,1-0,1.3090235545052578,2-0,1.1522507079918152,1.0374955318335755,1-1,1.0374955318335755,penka_expected_value_with_exact_score_tiebreak,max_ev,False,low,True
5,group,2026-06-24,Group A,Czechia,Mexico,0.9442929147882138,1.6226446134589179,0.9733727810650887,1.60989010989011,0.973373/1.609890,0.973373/1.609890,False,,unknown/unknown,Mexico,29.0,96.85430162676857,0,1,0-1,1.531111294193062,0.12241430778962803,0.12449010066508683,0.2727847266248308,0.4803108649204543,0-1,1.5311112941930625,0-2,1.39759348519519,0.9908495907107799,0-1,1.5311112941930625,penka_expected_value_with_exact_score_tiebreak,max_ev,False,medium,True
6,group,2026-06-24,Group A,South Africa,South Korea,1.036178667503905,1.6564113758844778,1.0892586989409982,1.60989010989011,1.089259/1.609890,1.089259/1.609890,False,,unknown/unknown,South Korea,36.0,161.84124840423965,0,1,0-1,1.4389075819688963,0.10906342690683381,0.128016415049556,0.25477060114302985,0.5081495569005804,0-1,1.4389075819688963,0-2,1.310950261543346,0.9874846638672545,1-1,0.9874846638672545,penka_expected_value_with_exact_score_tiebreak,max_ev,False,low,True
7,group,2026-06-12,Group B,Canada,Bosnia & Herzegovina,2.6151279043842655,0.6387510867126103,2.4242424242424243,0.7549019607843137,2.424242/0.754902,2.424242/0.754902,False,,unknown/unknown,Canada,62.0,253.78578591796736,2,0,2-0,1.9437704088608203,0.12703920804339144,0.09738757761699532,0.5082058178964387,0.26736739644317464,1-0,1.9097097542071808,2-0,1.9437704088608203,0.6586828974471768,2-0,1.9437704088608203,penka_expected_value_with_exact_score_tiebreak,max_ev,False,high,True
8,group,2026-06-13,Group B,Qatar,Switzerland,0.9358102177950904,1.8297973785863393,0.9733727810650887,1.8333333333333333,0.973373/1.833333,0.973373/1.833333,False,,unknown/unknown,Switzerland,29.0,184.93954874661586,0,1,0-1,1.612815252092902,0.11206034582641294,0.13454171650184904,0.3244441867276452,0.4289537509440929,0-1,1.612815252092902,0-2,1.5266129285281833,0.9071456022788589,0-1,1.612815252092902,penka_expected_value_with_exact_score_tiebreak,max_ev,False,medium,True
9,group,2026-06-18,Group B,Switzerland,Bosnia & Herzegovina,2.530746503764958,0.6883180589556684,2.3540540540540538,0.782608695652174,2.354054/0.782609,2.354054/0.782609,False,,unknown/unknown,Switzerland,85.0,291.4497958171071,2,0,2-0,1.9001743163060942,0.12445179758293476,0.09618759186790457,0.49467627639385336,0.28468433415530736,1-0,1.8801504918592906,2-0,1.9001743163060942,0.6891226705278012,2-0,1.9001743163060942,penka_expected_value_with_exact_score_tiebreak,max_ev,False,high,True
10,group,2026-06-18,Group B,Canada,Qatar,1.3691450358986732,1.026692050925505,1.4360902255639099,1.0892586989409982,1.436090/1.089259,1.436090/1.089259,False,,unknown/unknown,Canada,6.0,147.27553884747613,1,0,1-0,1.360514811077867,0.11545459147813175,0.11715291485315386,0.21589155456387366,0.5515009391048409,1-0,1.3605148110778669,2-0,1.1982636700633034,1.0458351058544073,1-1,1.0458351058544073,penka_expected_value_with_exact_score_tiebreak,max_ev,False,low,True
11,group,2026-06-24,Group B,Switzerland,Canada,1.5786115760886426,0.891729469661962,1.5684931506849316,0.917963224893918,1.568493/0.917963,1.568493/0.917963,False,,unknown/unknown,Switzerland,23.0,37.66400989913973,1,0,1-0,1.5605218430960168,0.13127748705827424,0.12010400201323514,0.2719112008824703,0.4767073100460202,1-0,1.5605218430960173,2-0,1.4146054118763982,1.0065612609286327,1-0,1.5605218430960173,penka_expected_value_with_exact_score_tiebreak,max_ev,False,medium,True
12,group,2026-06-24,Group B,Bosnia & Herzegovina,Qatar,1.0386101088944033,1.650443184895954,1.0892586989409982,1.60989010989011,1.089259/1.609890,1.089259/1.609890,False,,unknown/unknown,Qatar,56.0,106.51024707049123,0,1,0-1,1.4389075819688963,0.10906342690683381,0.128016415049556,0.25477060114302985,0.5081495569005804,0-1,1.4389075819688963,0-2,1.310950261543346,0.9874846638672545,1-1,0.9874846638672545,penka_expected_value_with_exact_score_tiebreak,max_ev,False,low,True
13,group,2026-06-13,Group C,Brazil,Morocco,1.668717258786465,1.0506797284768339,1.60989010989011,1.0892586989409982,1.609890/1.089259,1.609890/1.089259,False,,unknown/unknown,Brazil,9.0,58.707382372711436,1,0,1-0,1.4389075819688961,0.10906342690683382,0.128016415049556,0.2547706011430299,0.5081495569005805,1-0,1.4389075819688961,2-0,1.310950261543346,0.9874846638672546,1-1,0.9874846638672546,penka_expected_value_with_exact_score_tiebreak,max_ev,False,low,True
14,group,2026-06-13,Group C,Haiti,Scotland,0.8169598799954523,1.379196565765645,0.917963224893918,1.4360902255639099,0.917963/1.436090,0.917963/1.436090,False,,unknown/unknown,Scotland,34.0,106.44213460000697,0,1,0-1,1.502323184685192,0.13695228505733925,0.1124266853980142,0.2401408516022265,0.5104801779424198,0-1,1.502323184685192,0-2,1.3250121636823102,1.0587631913508806,0-1,1.502323184685192,penka_expected_value_with_exact_score_tiebreak,max_ev,False,low,True
15,group,2026-06-19,Group C,Scotland,Morocco,0.9903464070274213,1.316073678590896,1.0441176470588236,1.3272727272727274,1.044118/1.327273,1.044118/1.327273,False,,unknown/unknown,Morocco,38.0,162.81837993027602,0,1,0-1,1.3417075075279448,0.12430099472153637,0.10848013143110018,0.19738106981348114,0.5698378040338824,0-1,1.3417075075279448,0-2,1.1531132591668367,1.087443354942046,1-1,1.087443354942046,penka_expected_value_with_exact_score_tiebreak,max_ev,False,low,True
16,group,2026-06-19,Group C,Brazil,Haiti,2.8847426285575244,0.5659589351317217,2.684684684684685,0.5638554216867471,2.684685/0.563855,2.684685/0.563855,False,,unknown/unknown,Brazil,81.0,327.9678969029944,2,0,2-0,2.155734531672213,0.14816569741351954,0.09033760907801353,0.5719466086852875,0.18955008482317973,1-0,2.059517245851115,2-0,2.155734531672213,0.518267371154212,2-0,2.155734531672213,penka_expected_value_with_exact_score_tiebreak,max_ev,False,high,True
17,group,2026-06-24,Group C,Scotland,Brazil,0.9962911768581727,1.5708986455454816,1.0892586989409982,1.5684931506849316,1.089259/1.568493,1.089259/1.568493,False,,unknown/unknown,Brazil,47.0,221.52576230298746,0,1,0-1,1.4212286303860704,0.11067057867813608,0.12562041677260735,0.2455072433387838,0.5182017612104727,0-1,1.4212286303860704,0-2,1.2851623863330168,1.0015561085104627,1-1,1.0015561085104627,penka_expected_value_with_exact_score_tiebreak,max_ev,False,low,True
18,group,2026-06-24,Group C,Morocco,Haiti,2.120894518364927,0.5693153938168183,2.061032863849765,0.6388888888888888,2.061033/0.638889,2.061033/0.638889,False,,unknown/unknown,Morocco,72.0,269.260514530283,2,0,2-0,1.9143193732599646,0.14550411143547437,0.07529996932982674,0.4804494540465562,0.29874646518814274,1-0,1.9418414660262175,2-0,1.914319373259964,0.7598128705957693,2-0,1.914319373259964,penka_expected_value_with_exact_score_tiebreak,exact_score_tiebreak,True,high,True
19,group,2026-06-12,Group D,United States,Paraguay,1.7920437613008728,0.7713507868972179,1.8333333333333333,0.8736263736263736,1.833333/0.873626,1.833333/0.873626,False,,unknown/unknown,United States,39.0,44.36645170718248,1,0,1-0,1.6924572388108918,0.1237868161070103,0.12940855604813423,0.3426487450657186,0.40415588277913694,1-0,1.6924572388108918,2-0,1.6061059208953887,0.8987638038993132,1-0,1.6924572388108918,penka_expected_value_with_exact_score_tiebreak,max_ev,False,medium,True
20,group,2026-06-13,Group D,Australia,Turkey,1.3409647190738072,1.2985841316483961,1.336734693877551,1.3272727272727274,1.336735/1.327273,1.336735/1.327273,False,,unknown/unknown,Australia,1.0,5.237685823625725,1,0,1-0,1.135145995278521,0.09359814873429774,0.11153616644311865,0.1662733761388382,0.6285923086837455,1-0,1.135145995278521,2-0,0.9766617973242749,1.0329774151183828,1-1,1.0329774151183828,penka_expected_value_with_exact_score_tiebreak,max_ev,False,low,True
21,group,2026-06-19,Group D,United States,Australia,1.4695534198359708,1.0567989706559802,1.5684931506849316,1.0892586989409982,1.568493/1.089259,1.568493/1.089259,False,,unknown/unknown,United States,7.0,3.7816339060980226,1,0,1-0,1.4212286303860704,0.11067057867813608,0.12562041677260735,0.2455072433387838,0.5182017612104727,1-0,1.4212286303860704,2-0,1.2851623863330168,1.0015561085104627,1-1,1.0015561085104627,penka_expected_value_with_exact_score_tiebreak,max_ev,False,low,True
22,group,2026-06-19,Group D,Turkey,Paraguay,1.4733769783346897,0.8379503783650085,1.5684931506849316,0.917963224893918,1.568493/0.917963,1.568493/0.917963,False,,unknown/unknown,Turkey,31.0,53.385771436906225,1,0,1-0,1.5605218430960168,0.13127748705827424,0.12010400201323514,0.2719112008824703,0.4767073100460202,1-0,1.5605218430960173,2-0,1.4146054118763982,1.0065612609286327,1-0,1.5605218430960173,penka_expected_value_with_exact_score_tiebreak,max_ev,False,medium,True
23,group,2026-06-25,Group D,Turkey,United States,1.1757705011715662,1.265155920351515,1.2580645161290323,1.3272727272727274,1.258065/1.327273,1.258065/1.327273,False,,unknown/unknown,United States,8.0,9.019319729723748,0,1,0-1,1.1784959597842954,0.10047574561285504,0.11075235293935018,0.17193008645098487,0.6168418149968099,0-1,1.1784959597842957,0-2,1.0120769127301115,1.0500705550586351,1-1,1.0500705550586351,penka_expected_value_with_exact_score_tiebreak,max_ev,False,low,True
24,group,2026-06-25,Group D,Paraguay,Australia,1.0261427717396716,1.3484639761689814,1.0892586989409982,1.336734693877551,1.089259/1.336735,1.089259/1.336735,False,,unknown/unknown,Australia,32.0,48.1480856132805,0,1,0-1,1.3104408462239645,0.11856639845038447,0.10999359433631498,0.19381403548154857,0.577625971731752,0-1,1.3104408462239645,0-2,1.1286276283475343,1.0778937151335237,1-1,1.0778937151335237,penka_expected_value_with_exact_score_tiebreak,max_ev,False,low,True
25,group,2026-06-14,Group E,Germany,Curaçao,2.801030568296975,0.4946958484030091,2.684684684684685,0.5638554216867471,2.684685/0.563855,2.684685/0.563855,False,,unknown/unknown,Germany,75.0,375.9620011750983,2,0,2-0,2.155734531672213,0.14816569741351954,0.09033760907801353,0.5719466086852875,0.18955008482317973,1-0,2.059517245851115,2-0,2.155734531672213,0.518267371154212,2-0,2.155734531672213,penka_expected_value_with_exact_score_tiebreak,max_ev,False,high,True
26,group,2026-06-14,Group E,Ivory Coast,Ecuador,1.440220905119392,1.0090777284201156,1.5684931506849316,1.0892586989409982,1.568493/1.089259,1.568493/1.089259,False,,unknown/unknown,Ecuador,6.0,103.03615110886744,1,0,1-0,1.4212286303860704,0.11067057867813608,0.12562041677260735,0.2455072433387838,0.5182017612104727,0-1,0.8472393883749701,0-2,0.6845152423486172,1.0015561085104627,1-1,1.0015561085104627,penka_expected_value_with_exact_score_tiebreak,max_ev,False,low,True
27,group,2026-06-20,Group E,Germany,Ivory Coast,1.6980709221985304,0.8007672598203183,1.6366120218579234,0.8736263736263736,1.636612/0.873626,1.636612/0.873626,False,,unknown/unknown,Germany,20.0,163.37960387207772,1,0,1-0,1.6253081256214439,0.13391072195140374,0.1214570799194835,0.2956916380529873,0.4489405600761255,1-0,1.6253081256214439,2-0,1.4933076615822654,0.9776689445151627,1-0,1.6253081256214439,penka_expected_value_with_exact_score_tiebreak,max_ev,False,medium,True
28,group,2026-06-20,Group E,Ecuador,Curaçao,2.1211173917103454,0.6402067402003997,2.061032863849765,0.7549019607843137,2.061033/0.754902,2.061033/0.754902,False,,unknown/unknown,Ecuador,61.0,315.618548411888,1,0,1-0,1.8474534671752674,0.1257394121860274,0.1267275733453423,0.41928684310455167,0.32824617136407847,1-0,1.8474534671752674,2-0,1.813864366530024,0.7895188271474424,2-0,1.813864366530024,penka_expected_value_with_exact_score_tiebreak,max_ev,False,high,True
29,group,2026-06-25,Group E,Curaçao,Ivory Coast,0.9270438196299433,1.1709134084505095,0.9733727810650887,1.2580645161290323,0.973373/1.258065,0.973373/1.258065,False,,unknown/unknown,Ivory Coast,55.0,212.58239730302057,0,1,0-1,1.3630580191309143,0.13541020351779934,0.10166317444132655,0.19050873910896918,0.5724178829319051,0-1,1.3630580191309143,0-2,1.1512213371215256,1.120769941894131,0-1,1.3630580191309143,penka_expected_value_with_exact_score_tiebreak,max_ev,False,low,True
30,group,2026-06-25,Group E,Ecuador,Germany,1.1189409744423555,1.3302493425758182,1.1559322033898303,1.3272727272727274,1.155932/1.327273,1.155932/1.327273,False,,unknown/unknown,Germany,14.0,60.34345276321028,0,1,0-1,1.2537207662209064,0.11120704197418586,0.11012597717444021,0.18365381241332823,0.595013168438046,0-1,1.2537207662209064,0-2,1.077098187558223,1.069796362924288,1-1,1.069796362924288,penka_expected_value_with_exact_score_tiebreak,max_ev,False,low,True
31,group,2026-06-14,Group F,Netherlands,Japan,1.685190246551517,1.1490349138233222,1.60989010989011,1.1559322033898303,1.609890/1.155932,1.609890/1.155932,False,,unknown/unknown,Netherlands,9.0,20.692629657338784,1,0,1-0,1.388370598334875,0.10206188036031125,0.12941095250705537,0.24491416950607633,0.523612997626557,1-0,1.388370598334875,2-0,1.263522486996324,0.9830336676691486,1-1,0.9830336676691486,penka_expected_value_with_exact_score_tiebreak,max_ev,False,low,True
32,group,2026-06-14,Group F,Sweden,Tunisia,1.4645504717259807,1.0460365369663978,1.5684931506849316,1.0892586989409982,1.568493/1.089259,1.568493/1.089259,False,,unknown/unknown,Sweden,8.0,33.338507225678995,1,0,1-0,1.4212286303860704,0.11067057867813608,0.12562041677260735,0.2455072433387838,0.5182017612104727,1-0,1.4212286303860704,2-0,1.2851623863330168,1.0015561085104627,1-1,1.0015561085104627,penka_expected_value_with_exact_score_tiebreak,max_ev,False,low,True
33,group,2026-06-20,Group F,Netherlands,Sweden,1.7276529123236926,0.8269812433403687,1.6366120218579234,0.917963224893918,1.636612/0.917963,1.636612/0.917963,False,,unknown/unknown,Netherlands,21.0,159.53328784621976,1,0,1-0,1.5876522151125283,0.12811440077614286,0.12357650696482053,0.2881753451686761,0.46013374709036053,1-0,1.5876522151125283,2-0,1.457590095187408,0.9796961429876561,1-0,1.5876522151125283,penka_expected_value_with_exact_score_tiebreak,max_ev,False,medium,True
34,group,2026-06-20,Group F,Tunisia,Japan,1.0998204738277721,1.3757220174498,1.1559322033898303,1.4360902255639099,1.155932/1.436090,1.155932/1.436090,False,,unknown/unknown,Japan,20.0,172.17916541455998,0,1,0-1,1.3090235545052575,0.10804275123828287,0.11820472620446026,0.20709780985023132,0.5666547127070256,0-1,1.3090235545052575,0-2,1.152250707991815,1.0374955318335752,1-1,1.0374955318335752,penka_expected_value_with_exact_score_tiebreak,max_ev,False,low,True
35,group,2026-06-25,Group F,Japan,Sweden,1.4693990086335404,0.921980355582287,1.5684931506849316,0.9733727810650887,1.568493/0.973373,1.568493/0.973373,False,,unknown/unknown,Japan,12.0,138.84065818888098,1,0,1-0,1.5140506948306205,0.12421819729848149,0.12225620682035734,0.2630955439385706,0.49043005194259065,1-0,1.5140506948306205,2-0,1.371394051605182,1.0064527387558115,1-0,1.5140506948306205,penka_expected_value_with_exact_score_tiebreak,max_ev,False,medium,True
36,group,2026-06-25,Group F,Tunisia,Netherlands,0.9143638898771749,1.4367033764423,0.917963224893918,1.5684931506849316,0.917963/1.568493,0.917963/1.568493,False,,unknown/unknown,Netherlands,29.0,192.87179507189876,0,1,0-1,1.5605218430960168,0.13127748705827424,0.12010400201323514,0.2719112008824703,0.4767073100460202,0-1,1.5605218430960168,0-2,1.4146054118763975,1.0065612609286325,0-1,1.5605218430960168,penka_expected_value_with_exact_score_tiebreak,max_ev,False,medium,True
37,group,2026-06-15,Group G,Belgium,Egypt,2.0435743940790987,0.7143564203282137,2.061032863849765,0.782608695652174,2.061033/0.782609,2.061033/0.782609,False,,unknown/unknown,Belgium,25.0,112.1869475565884,1,0,1-0,1.8255170681016868,0.1223069216884496,0.12900851022480533,0.41347846449251136,0.33520610359423364,1-0,1.8255170681016868,2-0,1.7906045347974413,0.7953937880220205,2-0,1.7906045347974413,penka_expected_value_with_exact_score_tiebreak,max_ev,False,high,True
38,group,2026-06-15,Group G,Iran,New Zealand,2.1014052587501713,0.49799354251995037,2.061032863849765,0.5638554216867471,2.061033/0.563855,2.061033/0.563855,False,,unknown/unknown,Iran,84.0,173.6367634149633,2,0,2-0,1.9820002042252853,0.1568375576430233,0.07026428747078928,0.4935097767989005,0.2793883780872873,1-0,2.0051201170761095,2-0,1.9820002042252851,0.7357919957813568,2-0,1.9820002042252851,penka_expected_value_with_exact_score_tiebreak,exact_score_tiebreak,True,high,True
39,group,2026-06-21,Group G,Belgium,Iran,1.68074382232453,0.9522224113431789,1.60989010989011,0.9733727810650887,1.609890/0.973373,1.609890/0.973373,False,,unknown/unknown,Belgium,13.0,37.7626128545146,1,0,1-0,1.5311112941930625,0.12241430778962804,0.12449010066508685,0.2727847266248308,0.48031086492045444,1-0,1.5311112941930625,2-0,1.39759348519519,0.9908495907107799,1-0,1.5311112941930625,penka_expected_value_with_exact_score_tiebreak,max_ev,False,medium,True
40,group,2026-06-21,Group G,New Zealand,Egypt,0.9270438196299433,1.4944583221132914,0.9733727810650887,1.5684931506849316,0.973373/1.568493,0.973373/1.568493,False,,unknown/unknown,Egypt,72.0,99.2124287128895,0,1,0-1,1.5140506948306203,0.12421819729848148,0.12225620682035733,0.26309554393857054,0.4904300519425906,0-1,1.5140506948306203,0-2,1.3713940516051817,1.0064527387558115,0-1,1.5140506948306203,penka_expected_value_with_exact_score_tiebreak,max_ev,False,medium,True
41,group,2026-06-26,Group G,Egypt,Iran,1.1213288434917443,1.246923977435895,1.1559322033898303,1.3272727272727274,1.155932/1.327273,1.155932/1.327273,False,,unknown/unknown,Iran,12.0,74.42433470207379,0,1,0-1,1.2537207662209064,0.11120704197418586,0.11012597717444021,0.18365381241332823,0.595013168438046,0-1,1.2537207662209064,0-2,1.077098187558223,1.069796362924288,1-1,1.069796362924288,penka_expected_value_with_exact_score_tiebreak,max_ev,False,low,True
42,group,2026-06-26,Group G,New Zealand,Belgium,0.733732519643652,1.8497041285533242,0.782608695652174,1.8333333333333333,0.782609/1.833333,0.782609/1.833333,False,,unknown/unknown,Belgium,97.0,211.3993762694779,0,1,0-1,1.768340094548815,0.13556465074684737,0.12348913390263394,0.36002471955333826,0.3809214957971805,0-1,1.768340094548815,0-2,1.682070747854789,0.8863961096817277,0-1,1.768340094548815,penka_expected_value_with_exact_score_tiebreak,max_ev,False,medium,True
43,group,2026-06-15,Group H,Spain,Cape Verde,2.920346578419713,0.46821522885530786,2.684684684684685,0.5081967213114754,2.684685/0.508197,2.684685/0.508197,False,,unknown/unknown,Spain,97.0,392.33082177556025,2,0,2-0,2.199490222734558,0.15664433224089078,0.08449355850194272,0.5813939430121376,0.17746816624502876,1-0,2.0950543487891826,2-0,2.199490222734558,0.4976298917819776,2-0,2.199490222734558,penka_expected_value_with_exact_score_tiebreak,max_ev,False,high,True
44,group,2026-06-15,Group H,Saudi Arabia,Uruguay,0.793871161001411,1.5688226441695927,0.8736263736263736,1.5684931506849316,0.873626/1.568493,0.873626/1.568493,False,,unknown/unknown,Uruguay,45.0,178.67205960236106,0,1,0-1,1.5987122904830138,0.13721691676688677,0.11810283278807977,0.27915960414217017,0.46552064630286333,0-1,1.5987122904830133,0-2,1.4501353025627826,1.0054809289321958,0-1,1.5987122904830133,penka_expected_value_with_exact_score_tiebreak,max_ev,False,medium,True
45,group,2026-06-21,Group H,Spain,Saudi Arabia,1.8884005912699944,0.5680311086670541,1.881188118811881,0.5909090909090909,1.881188/0.590909,1.881188/0.590909,False,,unknown/unknown,Spain,53.0,346.8456554610516,1,0,1-0,1.9491415693942782,0.16082639339343943,0.10756839396847408,0.4111522102608294,0.32045300237725705,1-0,1.9491415693942782,2-0,1.8773287479395475,0.8213711761013633,1-0,1.9491415693942782,penka_expected_value_with_exact_score_tiebreak,max_ev,False,high,True
46,group,2026-06-21,Group H,Uruguay,Cape Verde,2.783140466666462,0.620151275024955,2.684684684684685,0.6950354609929078,2.684685/0.695035,2.684685/0.695035,False,,unknown/unknown,Uruguay,89.0,224.15722591686972,2,0,2-0,2.055433761221964,0.12995785649959612,0.10203047115744285,0.5497765326258276,0.21823513971713332,1-0,1.977163670198601,2-0,2.055433761221964,0.5607713519283611,2-0,2.055433761221964,penka_expected_value_with_exact_score_tiebreak,max_ev,False,high,True
47,group,2026-06-26,Group H,Cape Verde,Saudi Arabia,1.009889381558073,1.2902561158675445,1.0892586989409982,1.3272727272727274,1.089259/1.327273,1.089259/1.327273,False,,unknown/unknown,Saudi Arabia,44.0,45.48516631450866,0,1,0-1,1.3054558615927514,0.11883595570705621,0.10927618491947846,0.1917237641495174,0.580164095223948,0-1,1.305455861592751,0-2,1.1217993147451957,1.0808750824725388,1-1,1.0808750824725388,penka_expected_value_with_exact_score_tiebreak,max_ev,False,low,True
48,group,2026-06-26,Group H,Uruguay,Spain,1.1662570283205416,1.488197405791518,1.2580645161290323,1.5684931506849316,1.258065/1.568493,1.258065/1.568493,False,,unknown/unknown,Spain,8.0,168.17359585869053,0,1,0-1,1.2960750978600533,0.09357192310972924,0.12816882720306194,0.22185450035111062,0.5564047493360978,0-1,1.2960750978600535,0-2,1.1690812370885257,0.985068638126029,1-1,0.985068638126029,penka_expected_value_with_exact_score_tiebreak,max_ev,False,low,True
49,group,2026-06-16,Group I,France,Senegal,1.9978264834663857,0.886332961272685,2.0144927536231894,0.917963224893918,2.014493/0.917963,2.014493/0.917963,False,,unknown/unknown,France,19.0,153.37793805475144,1,0,1-0,1.709469440442591,0.10921166065027066,0.1373403647149965,0.37569502152312423,0.37775295311160867,1-0,1.709469440442591,2-0,1.6599163767178131,0.8350577188946583,2-0,1.6599163767178131,penka_expected_value_with_exact_score_tiebreak,max_ev,False,medium,True
50,group,2026-06-16,Group I,Iraq,Norway,1.1786365082262007,1.1443875692784224,1.2580645161290323,1.1559322033898303,1.258065/1.155932,1.258065/1.155932,False,,unknown/unknown,Norway,8.0,70.18238327625386,1,0,1-0,1.2160725760532625,0.11289709708402232,0.10457235361415765,0.16893501489533902,0.6135955344064811,0-1,1.0822922921226332,0-2,0.8897315407551792,1.0892688058926958,1-1,1.0892688058926958,penka_expected_value_with_exact_score_tiebreak,max_ev,False,low,True
51,group,2026-06-22,Group I,France,Iraq,1.8884005912699944,0.5555722466387312,1.881188118811881,0.5638554216867471,1.881188/0.563855,1.881188/0.563855,False,,unknown/unknown,France,53.0,270.04310679275864,1,0,1-0,1.9739180688603022,0.1652353825879638,0.10456865323889249,0.4170175981019029,0.3131783660712408,1-0,1.9739180688603022,2-0,1.9026549036446738,0.8128099407606507,1-0,1.9739180688603022,penka_expected_value_with_exact_score_tiebreak,max_ev,False,high,True
52,group,2026-06-22,Group I,Norway,Senegal,0.9479063693442623,1.271856499704237,0.9733727810650887,1.3272727272727274,0.973373/1.327273,0.973373/1.327273,False,,unknown/unknown,Senegal,26.0,46.48278546175334,0,1,0-1,1.4005769389681397,0.13338313008287359,0.10683962065047925,0.20657121330116732,0.5532060359654798,0-1,1.4005769389681404,0-2,1.2039474976539533,1.0960318006816026,0-1,1.4005769389681404,penka_expected_value_with_exact_score_tiebreak,max_ev,False,low,True
53,group,2026-06-26,Group I,Norway,France,0.9313982601783906,1.4640551307355423,0.9733727810650887,1.5684931506849316,0.973373/1.568493,0.973373/1.568493,False,,unknown/unknown,France,45.0,199.86072351650478,0,1,0-1,1.5140506948306203,0.12421819729848148,0.12225620682035733,0.26309554393857054,0.4904300519425906,0-1,1.5140506948306203,0-2,1.3713940516051817,1.0064527387558115,0-1,1.5140506948306203,penka_expected_value_with_exact_score_tiebreak,max_ev,False,medium,True
54,group,2026-06-26,Group I,Senegal,Iraq,1.6419857959470159,0.765121657740032,1.60989010989011,0.8736263736263736,1.609890/0.873626,1.609890/0.873626,False,,unknown/unknown,Senegal,34.0,116.6651687380072,1,0,1-0,1.615096347110338,0.13522426060236178,0.12017916996808854,0.28921876709713173,0.45537780233241826,1-0,1.615096347110338,2-0,1.4766306578069823,0.9885598650994767,1-0,1.615096347110338,penka_expected_value_with_exact_score_tiebreak,max_ev,False,medium,True
55,group,2026-06-16,Group J,Argentina,Algeria,1.555060041907148,0.5885744899981862,1.5684931506849316,0.6473429951690821,1.568493/0.647343,1.568493/0.647343,False,,unknown/unknown,Argentina,40.0,213.79730980523732,1,0,1-0,1.8082857349612746,0.17202011343212026,0.10342307195359783,0.31895797596993997,0.4055988386443421,1-0,1.8082857349612746,2-0,1.6453672966436066,0.9807945259293561,1-0,1.8082857349612746,penka_expected_value_with_exact_score_tiebreak,max_ev,False,medium,True
56,group,2026-06-16,Group J,Austria,Jordan,1.8523458694491273,0.711904011859817,1.8333333333333333,0.782608695652174,1.833333/0.782609,1.833333/0.782609,False,,unknown/unknown,Austria,46.0,111.34228569415654,1,0,1-0,1.7683400945488152,0.13556465074684737,0.12348913390263394,0.3600247195533382,0.38092149579718054,1-0,1.7683400945488152,2-0,1.682070747854789,0.8863961096817277,1-0,1.7683400945488152,penka_expected_value_with_exact_score_tiebreak,max_ev,False,medium,True
57,group,2026-06-22,Group J,Argentina,Austria,1.7799853613300676,0.7934612106947982,1.6366120218579234,0.8736263736263736,1.636612/0.873626,1.636612/0.873626,False,,unknown/unknown,Argentina,21.0,214.2163014355399,1,0,1-0,1.6253081256214439,0.13391072195140374,0.1214570799194835,0.2956916380529873,0.4489405600761255,1-0,1.6253081256214439,2-0,1.4933076615822654,0.9776689445151627,1-0,1.6253081256214439,penka_expected_value_with_exact_score_tiebreak,max_ev,False,medium,True
58,group,2026-06-22,Group J,Jordan,Algeria,0.9942629427154762,1.0481712382170112,1.0892586989409982,1.0892586989409982,1.089259/1.089259,1.089259/1.089259,False,,unknown/unknown,Algeria,27.0,111.76127732445912,1,1,1-1,1.149858219786557,0.13456872435927367,0.15900486599672958,0.0,0.7064264096439968,0-1,1.1663520838658388,0-2,0.9391489246525309,1.149858219786557,1-1,1.149858219786557,penka_expected_value_with_exact_score_tiebreak,exact_score_tiebreak,True,low,True
59,group,2026-06-27,Group J,Algeria,Austria,1.1188234033360724,1.190639993153095,1.1559322033898303,1.3014448839693258,1.155932/1.301445,1.155932/1.301445,False,,unknown/unknown,Austria,19.0,0.41899163030257114,0,1,0-1,1.239904262020298,0.11187061899346247,0.10809052110941222,0.17813980186237438,0.6018990580347509,0-1,1.239904262020298,0-2,1.0586498391110548,1.077174299600227,1-1,1.077174299600227,penka_expected_value_with_exact_score_tiebreak,max_ev,False,low,True
60,group,2026-06-27,Group J,Jordan,Argentina,0.8857403843345065,1.8867267585101963,0.917963224893918,1.881188118811881,0.917963/1.881188,0.917963/1.881188,False,,unknown/unknown,Argentina,67.0,325.55858712969643,0,1,0-1,1.6714847275654865,0.11600306598030975,0.13349444080530687,0.34549303762400835,0.40500945559037493,0-1,1.6714847275654867,0-2,1.5952416103540492,0.8848584364322448,0-1,1.6714847275654867,penka_expected_value_with_exact_score_tiebreak,max_ev,False,medium,True
61,group,2026-06-17,Group K,Portugal,DR Congo,2.6070041860929654,0.5848333074372105,2.4242424242424243,0.6473429951690821,2.424242/0.647343,2.424242/0.647343,False,,unknown/unknown,Portugal,92.0,255.9040860350383,2,0,2-0,2.030155470418035,0.14145454102251753,0.09002957141825199,0.5263970255253453,0.242118862033885,1-0,1.9847600469985904,2-0,2.030155470418035,0.6281764608223511,2-0,2.030155470418035,penka_expected_value_with_exact_score_tiebreak,max_ev,False,high,True
62,group,2026-06-17,Group K,Uzbekistan,Colombia,0.9194158172431484,1.4453341895721261,0.9733727810650887,1.5684931506849316,0.973373/1.568493,0.973373/1.568493,False,,unknown/unknown,Colombia,51.0,143.26650645992572,0,1,0-1,1.5140506948306203,0.12421819729848148,0.12225620682035733,0.26309554393857054,0.4904300519425906,0-1,1.5140506948306203,0-2,1.3713940516051817,1.0064527387558115,0-1,1.5140506948306203,penka_expected_value_with_exact_score_tiebreak,max_ev,False,medium,True
63,group,2026-06-23,Group K,Portugal,Uzbekistan,1.8884005912699944,0.6070148545212116,1.881188118811881,0.6473429951690821,1.881188/0.647343,1.881188/0.647343,False,,unknown/unknown,Portugal,52.0,159.071365866547,1,0,1-0,1.8983787067357751,0.15200519918200922,0.11336135243438972,0.3991343267612799,0.3354991216223209,1-0,1.8983787067357751,2-0,1.8255162179978544,0.8374079940315209,1-0,1.8983787067357751,penka_expected_value_with_exact_score_tiebreak,max_ev,False,high,True
64,group,2026-06-23,Group K,Colombia,DR Congo,2.748905202938573,0.625195341938309,2.5757575757575757,0.6950354609929078,2.575758/0.695035,2.575758/0.695035,False,,unknown/unknown,Colombia,91.0,240.099226628417,2,0,2-0,2.0310009084444323,0.13223985176642636,0.09868081501448742,0.5368796022844194,0.23219973093466678,1-0,1.96743445615576,2-0,2.0310009084444323,0.5935933999888688,2-0,2.0310009084444323,penka_expected_value_with_exact_score_tiebreak,max_ev,False,high,True
65,group,2026-06-27,Group K,Colombia,Portugal,1.4276056990666675,1.3496073430083406,1.5192307692307692,1.336734693877551,1.519231/1.336735,1.519231/1.336735,False,,unknown/unknown,Portugal,1.0,15.80485940662129,2,1,2-1,1.221683635188584,0.08935219846316834,0.1238773625682237,0.20164527758403591,0.585125161384572,0-1,1.0115281021592402,0-2,0.8694349760252872,0.9870416042655072,1-1,0.9870416042655072,penka_expected_value_with_exact_score_tiebreak,max_ev,False,low,True
66,group,2026-06-27,Group K,DR Congo,Uzbekistan,0.9943025439233006,1.2378375648610467,1.0892586989409982,1.3272727272727274,1.089259/1.327273,1.089259/1.327273,False,,unknown/unknown,Uzbekistan,40.0,96.83272016849128,0,1,0-1,1.3054558615927514,0.11883595570705621,0.10927618491947846,0.1917237641495174,0.580164095223948,0-1,1.305455861592751,0-2,1.1217993147451957,1.0808750824725388,1-1,1.0808750824725388,penka_expected_value_with_exact_score_tiebreak,max_ev,False,low,True
67,group,2026-06-17,Group L,England,Croatia,1.6345430179764995,1.3080622268721411,1.60989010989011,1.3272727272727274,1.609890/1.327273,1.609890/1.327273,False,,unknown/unknown,England,8.0,51.06534351227924,2,1,2-1,1.2782737417562162,0.0919837641823498,0.12531045669732851,0.22121177537624098,0.5614940037440808,1-0,1.2664989254332804,2-0,1.149344010263878,0.9647184397556764,1-1,0.9647184397556764,penka_expected_value_with_exact_score_tiebreak,max_ev,False,low,True
68,group,2026-06-17,Group L,Ghana,Panama,0.8533831261859479,1.4162134471441254,0.917963224893918,1.4360902255639099,0.917963/1.436090,0.917963/1.436090,False,,unknown/unknown,Panama,33.0,124.88589681922872,0,1,0-1,1.502323184685192,0.13695228505733925,0.1124266853980142,0.2401408516022265,0.5104801779424198,0-1,1.502323184685192,0-2,1.3250121636823102,1.0587631913508806,0-1,1.502323184685192,penka_expected_value_with_exact_score_tiebreak,max_ev,False,low,True
69,group,2026-06-23,Group L,England,Ghana,2.6261012247607662,0.5840522325005755,2.4242424242424243,0.6473429951690821,2.424242/0.647343,2.424242/0.647343,False,,unknown/unknown,England,66.0,320.0058863698098,2,0,2-0,2.030155470418035,0.14145454102251753,0.09002957141825199,0.5263970255253453,0.242118862033885,1-0,1.9847600469985904,2-0,2.030155470418035,0.6281764608223511,2-0,2.030155470418035,penka_expected_value_with_exact_score_tiebreak,max_ev,False,high,True
70,group,2026-06-23,Group L,Panama,Croatia,1.0608666515049645,1.3240830062436804,1.0892586989409982,1.3272727272727274,1.089259/1.327273,1.089259/1.327273,False,,unknown/unknown,Croatia,25.0,144.05464603830183,0,1,0-1,1.3054558615927514,0.11883595570705621,0.10927618491947846,0.1917237641495174,0.580164095223948,0-1,1.305455861592751,0-2,1.1217993147451957,1.0808750824725388,1-1,1.0808750824725388,penka_expected_value_with_exact_score_tiebreak,max_ev,False,low,True
71,group,2026-06-27,Group L,Panama,England,0.9334839893426319,1.5262574055319327,0.9733727810650887,1.5684931506849316,0.973373/1.568493,0.973373/1.568493,False,,unknown/unknown,England,33.0,195.11998955058107,0,1,0-1,1.5140506948306203,0.12421819729848148,0.12225620682035733,0.26309554393857054,0.4904300519425906,0-1,1.5140506948306203,0-2,1.3713940516051817,1.0064527387558115,0-1,1.5140506948306203,penka_expected_value_with_exact_score_tiebreak,max_ev,False,medium,True
72,group,2026-06-27,Group L,Croatia,Ghana,2.2641608265716955,0.6321208180903236,2.2763157894736845,0.72,2.276316/0.720000,2.276316/0.720000,False,,unknown/unknown,Croatia,58.0,268.94054285753055,2,0,2-0,1.9251107713836926,0.13330688140442323,0.0893779564415962,0.4952212475183938,0.28209391463558675,1-0,1.913260704140506,2-0,1.9251107713836926,0.7006086356231949,2-0,1.9251107713836926,penka_expected_value_with_exact_score_tiebreak,max_ev,False,high,True
