match_id,date,team_a,team_b,bookmaker,odds_team_a,odds_draw,odds_team_b,market_type,source_timestamp,over_under_line,odds_over,odds_under,spread,hours_before_kickoff,implied_prob_team_a,implied_prob_draw,implied_prob_team_b,world_cup_year,penka_phase,archive_stage,source_name,source_url,source_file,value_type,confidence,notes
2014001,2014-06-12,Brazil,Croatia,betexplorer_archive_average,1.31,5.11,11.98,1x2,,,,,,,,,,2014,group,group_stage,BetExplorer / OddsPortal archive average,https://www.betexplorer.com/football/world/world-cup-2014/results/,results_2014_betexplorer_main.html,archive_average,medium,Cached public archive result page; source timestamp and kickoff-relative timestamp unavailable and left blank.
2014002,2014-06-13,Chile,Australia,betexplorer_archive_average,1.43,4.37,8.47,1x2,,,,,,,,,,2014,group,group_stage,BetExplorer / OddsPortal archive average,https://www.betexplorer.com/football/world/world-cup-2014/results/,results_2014_betexplorer_main.html,archive_average,medium,Cached public archive result page; source timestamp and kickoff-relative timestamp unavailable and left blank.
2014003,2014-06-13,Mexico,Cameroon,betexplorer_archive_average,2.18,3.12,3.78,1x2,,,,,,,,,,2014,group,group_stage,BetExplorer / OddsPortal archive average,https://www.betexplorer.com/football/world/world-cup-2014/results/,results_2014_betexplorer_main.html,archive_average,medium,Cached public archive result page; source timestamp and kickoff-relative timestamp unavailable and left blank.
2014004,2014-06-13,Spain,Netherlands,betexplorer_archive_average,1.84,3.35,4.97,1x2,,,,,,,,,,2014,group,group_stage,BetExplorer / OddsPortal archive average,https://www.betexplorer.com/football/world/world-cup-2014/results/,results_2014_betexplorer_main.html,archive_average,medium,Cached public archive result page; source timestamp and kickoff-relative timestamp unavailable and left blank.
2014005,2014-06-14,Colombia,Greece,betexplorer_archive_average,1.85,3.23,5.12,1x2,,,,,,,,,,2014,group,group_stage,BetExplorer / OddsPortal archive average,https://www.betexplorer.com/football/world/world-cup-2014/results/,results_2014_betexplorer_main.html,archive_average,medium,Cached public archive result page; source timestamp and kickoff-relative timestamp unavailable and left blank.
2014006,2014-06-14,England,Italy,betexplorer_archive_average,2.49,2.98,3.24,1x2,,,,,,,,,,2014,group,group_stage,BetExplorer / OddsPortal archive average,https://www.betexplorer.com/football/world/world-cup-2014/results/,results_2014_betexplorer_main.html,archive_average,medium,Cached public archive result page; source timestamp and kickoff-relative timestamp unavailable and left blank.
2014007,2014-06-14,Ivory Coast,Japan,betexplorer_archive_average,2.7,3.32,2.67,1x2,,,,,,,,,,2014,group,group_stage,BetExplorer / OddsPortal archive average,https://www.betexplorer.com/football/world/world-cup-2014/results/,results_2014_betexplorer_main.html,archive_average,medium,Cached public archive result page; source timestamp and kickoff-relative timestamp unavailable and left blank.
2014008,2014-06-14,Uruguay,Costa Rica,betexplorer_archive_average,1.45,4.11,8.74,1x2,,,,,,,,,,2014,group,group_stage,BetExplorer / OddsPortal archive average,https://www.betexplorer.com/football/world/world-cup-2014/results/,results_2014_betexplorer_main.html,archive_average,medium,Cached public archive result page; source timestamp and kickoff-relative timestamp unavailable and left blank.
2014009,2014-06-15,Argentina,Bosnia and Herzegovina,betexplorer_archive_average,1.3,5.62,10.58,1x2,,,,,,,,,,2014,group,group_stage,BetExplorer / OddsPortal archive average,https://www.betexplorer.com/football/world/world-cup-2014/results/,results_2014_betexplorer_main.html,archive_average,medium,Cached public archive result page; source timestamp and kickoff-relative timestamp unavailable and left blank.
2014010,2014-06-15,France,Honduras,betexplorer_archive_average,1.26,5.96,11.98,1x2,,,,,,,,,,2014,group,group_stage,BetExplorer / OddsPortal archive average,https://www.betexplorer.com/football/world/world-cup-2014/results/,results_2014_betexplorer_main.html,archive_average,medium,Cached public archive result page; source timestamp and kickoff-relative timestamp unavailable and left blank.
2014011,2014-06-15,Switzerland,Ecuador,betexplorer_archive_average,2.39,3.22,3.15,1x2,,,,,,,,,,2014,group,group_stage,BetExplorer / OddsPortal archive average,https://www.betexplorer.com/football/world/world-cup-2014/results/,results_2014_betexplorer_main.html,archive_average,medium,Cached public archive result page; source timestamp and kickoff-relative timestamp unavailable and left blank.
2014012,2014-06-16,Germany,Portugal,betexplorer_archive_average,2.09,3.47,3.62,1x2,,,,,,,,,,2014,group,group_stage,BetExplorer / OddsPortal archive average,https://www.betexplorer.com/football/world/world-cup-2014/results/,results_2014_betexplorer_main.html,archive_average,medium,Cached public archive result page; source timestamp and kickoff-relative timestamp unavailable and left blank.
2014013,2014-06-16,Ghana,United States,betexplorer_archive_average,2.4,3.38,2.99,1x2,,,,,,,,,,2014,group,group_stage,BetExplorer / OddsPortal archive average,https://www.betexplorer.com/football/world/world-cup-2014/results/,results_2014_betexplorer_main.html,archive_average,medium,Cached public archive result page; source timestamp and kickoff-relative timestamp unavailable and left blank.
2014014,2014-06-16,Iran,Nigeria,betexplorer_archive_average,4.68,3.45,1.84,1x2,,,,,,,,,,2014,group,group_stage,BetExplorer / OddsPortal archive average,https://www.betexplorer.com/football/world/world-cup-2014/results/,results_2014_betexplorer_main.html,archive_average,medium,Cached public archive result page; source timestamp and kickoff-relative timestamp unavailable and left blank.
2014015,2014-06-17,Belgium,Algeria,betexplorer_archive_average,1.34,5.09,9.55,1x2,,,,,,,,,,2014,group,group_stage,BetExplorer / OddsPortal archive average,https://www.betexplorer.com/football/world/world-cup-2014/results/,results_2014_betexplorer_main.html,archive_average,medium,Cached public archive result page; source timestamp and kickoff-relative timestamp unavailable and left blank.
2014016,2014-06-17,Brazil,Mexico,betexplorer_archive_average,1.34,5.24,9.08,1x2,,,,,,,,,,2014,group,group_stage,BetExplorer / OddsPortal archive average,https://www.betexplorer.com/football/world/world-cup-2014/results/,results_2014_betexplorer_main.html,archive_average,medium,Cached public archive result page; source timestamp and kickoff-relative timestamp unavailable and left blank.
2014017,2014-06-17,Russia,South Korea,betexplorer_archive_average,1.83,3.55,4.52,1x2,,,,,,,,,,2014,group,group_stage,BetExplorer / OddsPortal archive average,https://www.betexplorer.com/football/world/world-cup-2014/results/,results_2014_betexplorer_main.html,archive_average,medium,Cached public archive result page; source timestamp and kickoff-relative timestamp unavailable and left blank.
2014018,2014-06-18,Australia,Netherlands,betexplorer_archive_average,12.85,6.58,1.23,1x2,,,,,,,,,,2014,group,group_stage,BetExplorer / OddsPortal archive average,https://www.betexplorer.com/football/world/world-cup-2014/results/,results_2014_betexplorer_main.html,archive_average,medium,Cached public archive result page; source timestamp and kickoff-relative timestamp unavailable and left blank.
2014019,2014-06-18,Cameroon,Croatia,betexplorer_archive_average,5.45,3.91,1.64,1x2,,,,,,,,,,2014,group,group_stage,BetExplorer / OddsPortal archive average,https://www.betexplorer.com/football/world/world-cup-2014/results/,results_2014_betexplorer_main.html,archive_average,medium,Cached public archive result page; source timestamp and kickoff-relative timestamp unavailable and left blank.
2014020,2014-06-18,Spain,Chile,betexplorer_archive_average,1.57,4.4,5.46,1x2,,,,,,,,,,2014,group,group_stage,BetExplorer / OddsPortal archive average,https://www.betexplorer.com/football/world/world-cup-2014/results/,results_2014_betexplorer_main.html,archive_average,medium,Cached public archive result page; source timestamp and kickoff-relative timestamp unavailable and left blank.
2014021,2014-06-19,Colombia,Ivory Coast,betexplorer_archive_average,2.02,3.49,3.77,1x2,,,,,,,,,,2014,group,group_stage,BetExplorer / OddsPortal archive average,https://www.betexplorer.com/football/world/world-cup-2014/results/,results_2014_betexplorer_main.html,archive_average,medium,Cached public archive result page; source timestamp and kickoff-relative timestamp unavailable and left blank.
2014022,2014-06-19,Japan,Greece,betexplorer_archive_average,2.4,3.31,3.03,1x2,,,,,,,,,,2014,group,group_stage,BetExplorer / OddsPortal archive average,https://www.betexplorer.com/football/world/world-cup-2014/results/,results_2014_betexplorer_main.html,archive_average,medium,Cached public archive result page; source timestamp and kickoff-relative timestamp unavailable and left blank.
2014023,2014-06-19,Uruguay,England,betexplorer_archive_average,3.77,3.74,1.95,1x2,,,,,,,,,,2014,group,group_stage,BetExplorer / OddsPortal archive average,https://www.betexplorer.com/football/world/world-cup-2014/results/,results_2014_betexplorer_main.html,archive_average,medium,Cached public archive result page; source timestamp and kickoff-relative timestamp unavailable and left blank.
2014024,2014-06-20,Honduras,Ecuador,betexplorer_archive_average,5.73,4.15,1.59,1x2,,,,,,,,,,2014,group,group_stage,BetExplorer / OddsPortal archive average,https://www.betexplorer.com/football/world/world-cup-2014/results/,results_2014_betexplorer_main.html,archive_average,medium,Cached public archive result page; source timestamp and kickoff-relative timestamp unavailable and left blank.
2014025,2014-06-20,Italy,Costa Rica,betexplorer_archive_average,1.58,3.97,6.33,1x2,,,,,,,,,,2014,group,group_stage,BetExplorer / OddsPortal archive average,https://www.betexplorer.com/football/world/world-cup-2014/results/,results_2014_betexplorer_main.html,archive_average,medium,Cached public archive result page; source timestamp and kickoff-relative timestamp unavailable and left blank.
2014026,2014-06-20,Switzerland,France,betexplorer_archive_average,4.52,3.49,1.86,1x2,,,,,,,,,,2014,group,group_stage,BetExplorer / OddsPortal archive average,https://www.betexplorer.com/football/world/world-cup-2014/results/,results_2014_betexplorer_main.html,archive_average,medium,Cached public archive result page; source timestamp and kickoff-relative timestamp unavailable and left blank.
2014027,2014-06-21,Argentina,Iran,betexplorer_archive_average,1.14,8.32,20.0,1x2,,,,,,,,,,2014,group,group_stage,BetExplorer / OddsPortal archive average,https://www.betexplorer.com/football/world/world-cup-2014/results/,results_2014_betexplorer_main.html,archive_average,medium,Cached public archive result page; source timestamp and kickoff-relative timestamp unavailable and left blank.
2014028,2014-06-21,Germany,Ghana,betexplorer_archive_average,1.33,5.44,8.98,1x2,,,,,,,,,,2014,group,group_stage,BetExplorer / OddsPortal archive average,https://www.betexplorer.com/football/world/world-cup-2014/results/,results_2014_betexplorer_main.html,archive_average,medium,Cached public archive result page; source timestamp and kickoff-relative timestamp unavailable and left blank.
2014029,2014-06-21,Nigeria,Bosnia and Herzegovina,betexplorer_archive_average,4.28,3.57,1.88,1x2,,,,,,,,,,2014,group,group_stage,BetExplorer / OddsPortal archive average,https://www.betexplorer.com/football/world/world-cup-2014/results/,results_2014_betexplorer_main.html,archive_average,medium,Cached public archive result page; source timestamp and kickoff-relative timestamp unavailable and left blank.
2014030,2014-06-22,Belgium,Russia,betexplorer_archive_average,2.22,3.3,3.42,1x2,,,,,,,,,,2014,group,group_stage,BetExplorer / OddsPortal archive average,https://www.betexplorer.com/football/world/world-cup-2014/results/,results_2014_betexplorer_main.html,archive_average,medium,Cached public archive result page; source timestamp and kickoff-relative timestamp unavailable and left blank.
2014031,2014-06-22,South Korea,Algeria,betexplorer_archive_average,2.49,3.27,2.93,1x2,,,,,,,,,,2014,group,group_stage,BetExplorer / OddsPortal archive average,https://www.betexplorer.com/football/world/world-cup-2014/results/,results_2014_betexplorer_main.html,archive_average,medium,Cached public archive result page; source timestamp and kickoff-relative timestamp unavailable and left blank.
2014032,2014-06-22,United States,Portugal,betexplorer_archive_average,4.55,4.01,1.74,1x2,,,,,,,,,,2014,group,group_stage,BetExplorer / OddsPortal archive average,https://www.betexplorer.com/football/world/world-cup-2014/results/,results_2014_betexplorer_main.html,archive_average,medium,Cached public archive result page; source timestamp and kickoff-relative timestamp unavailable and left blank.
2014033,2014-06-23,Australia,Spain,betexplorer_archive_average,7.96,5.15,1.38,1x2,,,,,,,,,,2014,group,group_stage,BetExplorer / OddsPortal archive average,https://www.betexplorer.com/football/world/world-cup-2014/results/,results_2014_betexplorer_main.html,archive_average,medium,Cached public archive result page; source timestamp and kickoff-relative timestamp unavailable and left blank.
2014034,2014-06-23,Brazil,Cameroon,betexplorer_archive_average,1.12,9.59,21.05,1x2,,,,,,,,,,2014,group,group_stage,BetExplorer / OddsPortal archive average,https://www.betexplorer.com/football/world/world-cup-2014/results/,results_2014_betexplorer_main.html,archive_average,medium,Cached public archive result page; source timestamp and kickoff-relative timestamp unavailable and left blank.
2014035,2014-06-23,Croatia,Mexico,betexplorer_archive_average,2.7,3.4,2.6,1x2,,,,,,,,,,2014,group,group_stage,BetExplorer / OddsPortal archive average,https://www.betexplorer.com/football/world/world-cup-2014/results/,results_2014_betexplorer_main.html,archive_average,medium,Cached public archive result page; source timestamp and kickoff-relative timestamp unavailable and left blank.
2014036,2014-06-23,Netherlands,Chile,betexplorer_archive_average,2.67,3.44,2.61,1x2,,,,,,,,,,2014,group,group_stage,BetExplorer / OddsPortal archive average,https://www.betexplorer.com/football/world/world-cup-2014/results/,results_2014_betexplorer_main.html,archive_average,medium,Cached public archive result page; source timestamp and kickoff-relative timestamp unavailable and left blank.
2014037,2014-06-24,Costa Rica,England,betexplorer_archive_average,4.38,3.93,1.77,1x2,,,,,,,,,,2014,group,group_stage,BetExplorer / OddsPortal archive average,https://www.betexplorer.com/football/world/world-cup-2014/results/,results_2014_betexplorer_main.html,archive_average,medium,Cached public archive result page; source timestamp and kickoff-relative timestamp unavailable and left blank.
2014038,2014-06-24,Greece,Ivory Coast,betexplorer_archive_average,3.94,3.57,1.96,1x2,,,,,,,,,,2014,group,group_stage,BetExplorer / OddsPortal archive average,https://www.betexplorer.com/football/world/world-cup-2014/results/,results_2014_betexplorer_main.html,archive_average,medium,Cached public archive result page; source timestamp and kickoff-relative timestamp unavailable and left blank.
2014039,2014-06-24,Italy,Uruguay,betexplorer_archive_average,2.52,3.43,2.79,1x2,,,,,,,,,,2014,group,group_stage,BetExplorer / OddsPortal archive average,https://www.betexplorer.com/football/world/world-cup-2014/results/,results_2014_betexplorer_main.html,archive_average,medium,Cached public archive result page; source timestamp and kickoff-relative timestamp unavailable and left blank.
2014040,2014-06-24,Japan,Colombia,betexplorer_archive_average,3.36,3.67,2.09,1x2,,,,,,,,,,2014,group,group_stage,BetExplorer / OddsPortal archive average,https://www.betexplorer.com/football/world/world-cup-2014/results/,results_2014_betexplorer_main.html,archive_average,medium,Cached public archive result page; source timestamp and kickoff-relative timestamp unavailable and left blank.
2014041,2014-06-25,Bosnia and Herzegovina,Iran,betexplorer_archive_average,2.22,3.48,3.23,1x2,,,,,,,,,,2014,group,group_stage,BetExplorer / OddsPortal archive average,https://www.betexplorer.com/football/world/world-cup-2014/results/,results_2014_betexplorer_main.html,archive_average,medium,Cached public archive result page; source timestamp and kickoff-relative timestamp unavailable and left blank.
2014042,2014-06-25,Ecuador,France,betexplorer_archive_average,5.57,4.06,1.61,1x2,,,,,,,,,,2014,group,group_stage,BetExplorer / OddsPortal archive average,https://www.betexplorer.com/football/world/world-cup-2014/results/,results_2014_betexplorer_main.html,archive_average,medium,Cached public archive result page; source timestamp and kickoff-relative timestamp unavailable and left blank.
2014043,2014-06-25,Honduras,Switzerland,betexplorer_archive_average,6.97,4.37,1.49,1x2,,,,,,,,,,2014,group,group_stage,BetExplorer / OddsPortal archive average,https://www.betexplorer.com/football/world/world-cup-2014/results/,results_2014_betexplorer_main.html,archive_average,medium,Cached public archive result page; source timestamp and kickoff-relative timestamp unavailable and left blank.
2014044,2014-06-25,Nigeria,Argentina,betexplorer_archive_average,9.14,4.18,1.43,1x2,,,,,,,,,,2014,group,group_stage,BetExplorer / OddsPortal archive average,https://www.betexplorer.com/football/world/world-cup-2014/results/,results_2014_betexplorer_main.html,archive_average,medium,Cached public archive result page; source timestamp and kickoff-relative timestamp unavailable and left blank.
2014045,2014-06-26,Algeria,Russia,betexplorer_archive_average,3.61,3.64,2.02,1x2,,,,,,,,,,2014,group,group_stage,BetExplorer / OddsPortal archive average,https://www.betexplorer.com/football/world/world-cup-2014/results/,results_2014_betexplorer_main.html,archive_average,medium,Cached public archive result page; source timestamp and kickoff-relative timestamp unavailable and left blank.
2014046,2014-06-26,South Korea,Belgium,betexplorer_archive_average,4.52,3.51,1.85,1x2,,,,,,,,,,2014,group,group_stage,BetExplorer / OddsPortal archive average,https://www.betexplorer.com/football/world/world-cup-2014/results/,results_2014_betexplorer_main.html,archive_average,medium,Cached public archive result page; source timestamp and kickoff-relative timestamp unavailable and left blank.
2014047,2014-06-26,Portugal,Ghana,betexplorer_archive_average,1.77,4.78,3.68,1x2,,,,,,,,,,2014,group,group_stage,BetExplorer / OddsPortal archive average,https://www.betexplorer.com/football/world/world-cup-2014/results/,results_2014_betexplorer_main.html,archive_average,medium,Cached public archive result page; source timestamp and kickoff-relative timestamp unavailable and left blank.
2014048,2014-06-26,United States,Germany,betexplorer_archive_average,7.94,3.03,1.68,1x2,,,,,,,,,,2014,group,group_stage,BetExplorer / OddsPortal archive average,https://www.betexplorer.com/football/world/world-cup-2014/results/,results_2014_betexplorer_main.html,archive_average,medium,Cached public archive result page; source timestamp and kickoff-relative timestamp unavailable and left blank.
2014049,2014-06-28,Brazil,Chile,betexplorer_archive_average,1.51,4.38,6.33,1x2,,,,,,,,,,2014,round_of_16,knockout,BetExplorer / OddsPortal archive average,https://www.betexplorer.com/football/world/world-cup-2014/results/,results_2014_betexplorer_playoffs.html,archive_average,medium,Cached public archive result page; source timestamp and kickoff-relative timestamp unavailable and left blank.
2014050,2014-06-28,Colombia,Uruguay,betexplorer_archive_average,2.15,3.31,3.63,1x2,,,,,,,,,,2014,round_of_16,knockout,BetExplorer / OddsPortal archive average,https://www.betexplorer.com/football/world/world-cup-2014/results/,results_2014_betexplorer_playoffs.html,archive_average,medium,Cached public archive result page; source timestamp and kickoff-relative timestamp unavailable and left blank.
2014051,2014-06-29,Costa Rica,Greece,betexplorer_archive_average,2.67,3.06,2.89,1x2,,,,,,,,,,2014,round_of_16,knockout,BetExplorer / OddsPortal archive average,https://www.betexplorer.com/football/world/world-cup-2014/results/,results_2014_betexplorer_playoffs.html,archive_average,medium,Cached public archive result page; source timestamp and kickoff-relative timestamp unavailable and left blank.
2014052,2014-06-29,Netherlands,Mexico,betexplorer_archive_average,2.15,3.29,3.64,1x2,,,,,,,,,,2014,round_of_16,knockout,BetExplorer / OddsPortal archive average,https://www.betexplorer.com/football/world/world-cup-2014/results/,results_2014_betexplorer_playoffs.html,archive_average,medium,Cached public archive result page; source timestamp and kickoff-relative timestamp unavailable and left blank.
2014053,2014-06-30,France,Nigeria,betexplorer_archive_average,1.4,4.65,8.56,1x2,,,,,,,,,,2014,round_of_16,knockout,BetExplorer / OddsPortal archive average,https://www.betexplorer.com/football/world/world-cup-2014/results/,results_2014_betexplorer_playoffs.html,archive_average,medium,Cached public archive result page; source timestamp and kickoff-relative timestamp unavailable and left blank.
2014054,2014-06-30,Germany,Algeria,betexplorer_archive_average,1.31,5.48,10.02,1x2,,,,,,,,,,2014,round_of_16,knockout,BetExplorer / OddsPortal archive average,https://www.betexplorer.com/football/world/world-cup-2014/results/,results_2014_betexplorer_playoffs.html,archive_average,medium,Cached public archive result page; source timestamp and kickoff-relative timestamp unavailable and left blank.
2014055,2014-07-01,Argentina,Switzerland,betexplorer_archive_average,1.57,4.06,6.27,1x2,,,,,,,,,,2014,round_of_16,knockout,BetExplorer / OddsPortal archive average,https://www.betexplorer.com/football/world/world-cup-2014/results/,results_2014_betexplorer_playoffs.html,archive_average,medium,Cached public archive result page; source timestamp and kickoff-relative timestamp unavailable and left blank.
2014056,2014-07-01,Belgium,United States,betexplorer_archive_average,2.01,3.36,4.01,1x2,,,,,,,,,,2014,round_of_16,knockout,BetExplorer / OddsPortal archive average,https://www.betexplorer.com/football/world/world-cup-2014/results/,results_2014_betexplorer_playoffs.html,archive_average,medium,Cached public archive result page; source timestamp and kickoff-relative timestamp unavailable and left blank.
2014057,2014-07-04,Brazil,Colombia,betexplorer_archive_average,1.76,3.75,4.78,1x2,,,,,,,,,,2014,quarter_final,knockout,BetExplorer / OddsPortal archive average,https://www.betexplorer.com/football/world/world-cup-2014/results/,results_2014_betexplorer_playoffs.html,archive_average,medium,Cached public archive result page; source timestamp and kickoff-relative timestamp unavailable and left blank.
2014058,2014-07-04,France,Germany,betexplorer_archive_average,2.78,3.08,2.79,1x2,,,,,,,,,,2014,quarter_final,knockout,BetExplorer / OddsPortal archive average,https://www.betexplorer.com/football/world/world-cup-2014/results/,results_2014_betexplorer_playoffs.html,archive_average,medium,Cached public archive result page; source timestamp and kickoff-relative timestamp unavailable and left blank.
2014059,2014-07-05,Argentina,Belgium,betexplorer_archive_average,1.98,3.35,4.17,1x2,,,,,,,,,,2014,quarter_final,knockout,BetExplorer / OddsPortal archive average,https://www.betexplorer.com/football/world/world-cup-2014/results/,results_2014_betexplorer_playoffs.html,archive_average,medium,Cached public archive result page; source timestamp and kickoff-relative timestamp unavailable and left blank.
2014060,2014-07-05,Netherlands,Costa Rica,betexplorer_archive_average,1.52,4.09,7.11,1x2,,,,,,,,,,2014,quarter_final,knockout,BetExplorer / OddsPortal archive average,https://www.betexplorer.com/football/world/world-cup-2014/results/,results_2014_betexplorer_playoffs.html,archive_average,medium,Cached public archive result page; source timestamp and kickoff-relative timestamp unavailable and left blank.
2014061,2014-07-08,Brazil,Germany,betexplorer_archive_average,2.61,3.15,2.93,1x2,,,,,,,,,,2014,semi_final,knockout,BetExplorer / OddsPortal archive average,https://www.betexplorer.com/football/world/world-cup-2014/results/,results_2014_betexplorer_playoffs.html,archive_average,medium,Cached public archive result page; source timestamp and kickoff-relative timestamp unavailable and left blank.
2014062,2014-07-09,Netherlands,Argentina,betexplorer_archive_average,3.04,3.21,2.5,1x2,,,,,,,,,,2014,semi_final,knockout,BetExplorer / OddsPortal archive average,https://www.betexplorer.com/football/world/world-cup-2014/results/,results_2014_betexplorer_playoffs.html,archive_average,medium,Cached public archive result page; source timestamp and kickoff-relative timestamp unavailable and left blank.
2014063,2014-07-12,Brazil,Netherlands,betexplorer_archive_average,2.17,3.7,3.27,1x2,,,,,,,,,,2014,third_place,knockout,BetExplorer / OddsPortal archive average,https://www.betexplorer.com/football/world/world-cup-2014/results/,results_2014_betexplorer_playoffs.html,archive_average,medium,Cached public archive result page; source timestamp and kickoff-relative timestamp unavailable and left blank.
2014064,2014-07-13,Germany,Argentina,betexplorer_archive_average,2.37,3.23,3.28,1x2,,,,,,,,,,2014,final,knockout,BetExplorer / OddsPortal archive average,https://www.betexplorer.com/football/world/world-cup-2014/results/,results_2014_betexplorer_playoffs.html,archive_average,medium,Cached public archive result page; source timestamp and kickoff-relative timestamp unavailable and left blank.
2018001,2018-06-14,Russia,Saudi Arabia,betexplorer_archive_average,1.45,4.33,9.08,1x2,,,,,,,,,,2018,group,group_stage,BetExplorer / OddsPortal archive average,https://www.betexplorer.com/football/world/world-cup-2018/results/,results_2018_betexplorer_main.html,archive_average,medium,Cached public archive result page; source timestamp and kickoff-relative timestamp unavailable and left blank.
2018002,2018-06-15,Egypt,Uruguay,betexplorer_archive_average,8.4,4.1,1.5,1x2,,,,,,,,,,2018,group,group_stage,BetExplorer / OddsPortal archive average,https://www.betexplorer.com/football/world/world-cup-2018/results/,results_2018_betexplorer_main.html,archive_average,medium,Cached public archive result page; source timestamp and kickoff-relative timestamp unavailable and left blank.
2018003,2018-06-15,Morocco,Iran,betexplorer_archive_average,2.21,2.96,4.15,1x2,,,,,,,,,,2018,group,group_stage,BetExplorer / OddsPortal archive average,https://www.betexplorer.com/football/world/world-cup-2018/results/,results_2018_betexplorer_main.html,archive_average,medium,Cached public archive result page; source timestamp and kickoff-relative timestamp unavailable and left blank.
2018004,2018-06-15,Portugal,Spain,betexplorer_archive_average,4.35,3.25,2.03,1x2,,,,,,,,,,2018,group,group_stage,BetExplorer / OddsPortal archive average,https://www.betexplorer.com/football/world/world-cup-2018/results/,results_2018_betexplorer_main.html,archive_average,medium,Cached public archive result page; source timestamp and kickoff-relative timestamp unavailable and left blank.
2018005,2018-06-16,France,Australia,betexplorer_archive_average,1.26,6.94,10.88,1x2,,,,,,,,,,2018,group,group_stage,BetExplorer / OddsPortal archive average,https://www.betexplorer.com/football/world/world-cup-2018/results/,results_2018_betexplorer_main.html,archive_average,medium,Cached public archive result page; source timestamp and kickoff-relative timestamp unavailable and left blank.
2018006,2018-06-16,Argentina,Iceland,betexplorer_archive_average,1.33,5.33,10.92,1x2,,,,,,,,,,2018,group,group_stage,BetExplorer / OddsPortal archive average,https://www.betexplorer.com/football/world/world-cup-2018/results/,results_2018_betexplorer_main.html,archive_average,medium,Cached public archive result page; source timestamp and kickoff-relative timestamp unavailable and left blank.
2018007,2018-06-16,Peru,Denmark,betexplorer_archive_average,3.71,3.08,2.29,1x2,,,,,,,,,,2018,group,group_stage,BetExplorer / OddsPortal archive average,https://www.betexplorer.com/football/world/world-cup-2018/results/,results_2018_betexplorer_main.html,archive_average,medium,Cached public archive result page; source timestamp and kickoff-relative timestamp unavailable and left blank.
2018008,2018-06-16,Croatia,Nigeria,betexplorer_archive_average,1.68,3.74,5.98,1x2,,,,,,,,,,2018,group,group_stage,BetExplorer / OddsPortal archive average,https://www.betexplorer.com/football/world/world-cup-2018/results/,results_2018_betexplorer_main.html,archive_average,medium,Cached public archive result page; source timestamp and kickoff-relative timestamp unavailable and left blank.
2018009,2018-06-17,Costa Rica,Serbia,betexplorer_archive_average,5.25,3.41,1.83,1x2,,,,,,,,,,2018,group,group_stage,BetExplorer / OddsPortal archive average,https://www.betexplorer.com/football/world/world-cup-2018/results/,results_2018_betexplorer_main.html,archive_average,medium,Cached public archive result page; source timestamp and kickoff-relative timestamp unavailable and left blank.
2018010,2018-06-17,Germany,Mexico,betexplorer_archive_average,1.48,4.5,7.41,1x2,,,,,,,,,,2018,group,group_stage,BetExplorer / OddsPortal archive average,https://www.betexplorer.com/football/world/world-cup-2018/results/,results_2018_betexplorer_main.html,archive_average,medium,Cached public archive result page; source timestamp and kickoff-relative timestamp unavailable and left blank.
2018011,2018-06-17,Brazil,Switzerland,betexplorer_archive_average,1.47,4.34,8.36,1x2,,,,,,,,,,2018,group,group_stage,BetExplorer / OddsPortal archive average,https://www.betexplorer.com/football/world/world-cup-2018/results/,results_2018_betexplorer_main.html,archive_average,medium,Cached public archive result page; source timestamp and kickoff-relative timestamp unavailable and left blank.
2018012,2018-06-18,Sweden,South Korea,betexplorer_archive_average,2.27,3.03,3.86,1x2,,,,,,,,,,2018,group,group_stage,BetExplorer / OddsPortal archive average,https://www.betexplorer.com/football/world/world-cup-2018/results/,results_2018_betexplorer_main.html,archive_average,medium,Cached public archive result page; source timestamp and kickoff-relative timestamp unavailable and left blank.
2018013,2018-06-18,Belgium,Panama,betexplorer_archive_average,1.21,6.78,18.21,1x2,,,,,,,,,,2018,group,group_stage,BetExplorer / OddsPortal archive average,https://www.betexplorer.com/football/world/world-cup-2018/results/,results_2018_betexplorer_main.html,archive_average,medium,Cached public archive result page; source timestamp and kickoff-relative timestamp unavailable and left blank.
2018014,2018-06-18,Tunisia,England,betexplorer_archive_average,8.62,4.18,1.48,1x2,,,,,,,,,,2018,group,group_stage,BetExplorer / OddsPortal archive average,https://www.betexplorer.com/football/world/world-cup-2018/results/,results_2018_betexplorer_main.html,archive_average,medium,Cached public archive result page; source timestamp and kickoff-relative timestamp unavailable and left blank.
2018015,2018-06-19,Colombia,Japan,betexplorer_archive_average,1.87,3.34,5.1,1x2,,,,,,,,,,2018,group,group_stage,BetExplorer / OddsPortal archive average,https://www.betexplorer.com/football/world/world-cup-2018/results/,results_2018_betexplorer_main.html,archive_average,medium,Cached public archive result page; source timestamp and kickoff-relative timestamp unavailable and left blank.
2018016,2018-06-19,Poland,Senegal,betexplorer_archive_average,2.49,3.05,3.31,1x2,,,,,,,,,,2018,group,group_stage,BetExplorer / OddsPortal archive average,https://www.betexplorer.com/football/world/world-cup-2018/results/,results_2018_betexplorer_main.html,archive_average,medium,Cached public archive result page; source timestamp and kickoff-relative timestamp unavailable and left blank.
2018017,2018-06-19,Russia,Egypt,betexplorer_archive_average,1.95,3.48,4.39,1x2,,,,,,,,,,2018,group,group_stage,BetExplorer / OddsPortal archive average,https://www.betexplorer.com/football/world/world-cup-2018/results/,results_2018_betexplorer_main.html,archive_average,medium,Cached public archive result page; source timestamp and kickoff-relative timestamp unavailable and left blank.
2018018,2018-06-20,Portugal,Morocco,betexplorer_archive_average,1.7,3.66,5.97,1x2,,,,,,,,,,2018,group,group_stage,BetExplorer / OddsPortal archive average,https://www.betexplorer.com/football/world/world-cup-2018/results/,results_2018_betexplorer_main.html,archive_average,medium,Cached public archive result page; source timestamp and kickoff-relative timestamp unavailable and left blank.
2018019,2018-06-20,Uruguay,Saudi Arabia,betexplorer_archive_average,1.21,6.61,18.08,1x2,,,,,,,,,,2018,group,group_stage,BetExplorer / OddsPortal archive average,https://www.betexplorer.com/football/world/world-cup-2018/results/,results_2018_betexplorer_main.html,archive_average,medium,Cached public archive result page; source timestamp and kickoff-relative timestamp unavailable and left blank.
2018020,2018-06-20,Iran,Spain,betexplorer_archive_average,19.25,6.66,1.2,1x2,,,,,,,,,,2018,group,group_stage,BetExplorer / OddsPortal archive average,https://www.betexplorer.com/football/world/world-cup-2018/results/,results_2018_betexplorer_main.html,archive_average,medium,Cached public archive result page; source timestamp and kickoff-relative timestamp unavailable and left blank.
2018021,2018-06-21,Denmark,Australia,betexplorer_archive_average,1.92,3.4,4.56,1x2,,,,,,,,,,2018,group,group_stage,BetExplorer / OddsPortal archive average,https://www.betexplorer.com/football/world/world-cup-2018/results/,results_2018_betexplorer_main.html,archive_average,medium,Cached public archive result page; source timestamp and kickoff-relative timestamp unavailable and left blank.
2018022,2018-06-21,France,Peru,betexplorer_archive_average,1.61,3.82,6.67,1x2,,,,,,,,,,2018,group,group_stage,BetExplorer / OddsPortal archive average,https://www.betexplorer.com/football/world/world-cup-2018/results/,results_2018_betexplorer_main.html,archive_average,medium,Cached public archive result page; source timestamp and kickoff-relative timestamp unavailable and left blank.
2018023,2018-06-21,Argentina,Croatia,betexplorer_archive_average,2.09,3.25,4.05,1x2,,,,,,,,,,2018,group,group_stage,BetExplorer / OddsPortal archive average,https://www.betexplorer.com/football/world/world-cup-2018/results/,results_2018_betexplorer_main.html,archive_average,medium,Cached public archive result page; source timestamp and kickoff-relative timestamp unavailable and left blank.
2018024,2018-06-22,Brazil,Costa Rica,betexplorer_archive_average,1.2,6.78,19.38,1x2,,,,,,,,,,2018,group,group_stage,BetExplorer / OddsPortal archive average,https://www.betexplorer.com/football/world/world-cup-2018/results/,results_2018_betexplorer_main.html,archive_average,medium,Cached public archive result page; source timestamp and kickoff-relative timestamp unavailable and left blank.
2018025,2018-06-22,Nigeria,Iceland,betexplorer_archive_average,2.98,3.08,2.68,1x2,,,,,,,,,,2018,group,group_stage,BetExplorer / OddsPortal archive average,https://www.betexplorer.com/football/world/world-cup-2018/results/,results_2018_betexplorer_main.html,archive_average,medium,Cached public archive result page; source timestamp and kickoff-relative timestamp unavailable and left blank.
2018026,2018-06-22,Serbia,Switzerland,betexplorer_archive_average,2.75,3.03,2.94,1x2,,,,,,,,,,2018,group,group_stage,BetExplorer / OddsPortal archive average,https://www.betexplorer.com/football/world/world-cup-2018/results/,results_2018_betexplorer_main.html,archive_average,medium,Cached public archive result page; source timestamp and kickoff-relative timestamp unavailable and left blank.
2018027,2018-06-23,Belgium,Tunisia,betexplorer_archive_average,1.34,5.06,11.04,1x2,,,,,,,,,,2018,group,group_stage,BetExplorer / OddsPortal archive average,https://www.betexplorer.com/football/world/world-cup-2018/results/,results_2018_betexplorer_main.html,archive_average,medium,Cached public archive result page; source timestamp and kickoff-relative timestamp unavailable and left blank.
2018028,2018-06-23,South Korea,Mexico,betexplorer_archive_average,5.53,3.8,1.7,1x2,,,,,,,,,,2018,group,group_stage,BetExplorer / OddsPortal archive average,https://www.betexplorer.com/football/world/world-cup-2018/results/,results_2018_betexplorer_main.html,archive_average,medium,Cached public archive result page; source timestamp and kickoff-relative timestamp unavailable and left blank.
2018029,2018-06-23,Germany,Sweden,betexplorer_archive_average,1.47,4.61,7.45,1x2,,,,,,,,,,2018,group,group_stage,BetExplorer / OddsPortal archive average,https://www.betexplorer.com/football/world/world-cup-2018/results/,results_2018_betexplorer_main.html,archive_average,medium,Cached public archive result page; source timestamp and kickoff-relative timestamp unavailable and left blank.
2018030,2018-06-24,England,Panama,betexplorer_archive_average,1.22,6.31,17.33,1x2,,,,,,,,,,2018,group,group_stage,BetExplorer / OddsPortal archive average,https://www.betexplorer.com/football/world/world-cup-2018/results/,results_2018_betexplorer_main.html,archive_average,medium,Cached public archive result page; source timestamp and kickoff-relative timestamp unavailable and left blank.
2018031,2018-06-24,Japan,Senegal,betexplorer_archive_average,3.16,2.93,2.66,1x2,,,,,,,,,,2018,group,group_stage,BetExplorer / OddsPortal archive average,https://www.betexplorer.com/football/world/world-cup-2018/results/,results_2018_betexplorer_main.html,archive_average,medium,Cached public archive result page; source timestamp and kickoff-relative timestamp unavailable and left blank.
2018032,2018-06-24,Poland,Colombia,betexplorer_archive_average,3.47,3.46,2.19,1x2,,,,,,,,,,2018,group,group_stage,BetExplorer / OddsPortal archive average,https://www.betexplorer.com/football/world/world-cup-2018/results/,results_2018_betexplorer_main.html,archive_average,medium,Cached public archive result page; source timestamp and kickoff-relative timestamp unavailable and left blank.
2018033,2018-06-25,Russia,Uruguay,betexplorer_archive_average,2.92,3.05,2.75,1x2,,,,,,,,,,2018,group,group_stage,BetExplorer / OddsPortal archive average,https://www.betexplorer.com/football/world/world-cup-2018/results/,results_2018_betexplorer_main.html,archive_average,medium,Cached public archive result page; source timestamp and kickoff-relative timestamp unavailable and left blank.
2018034,2018-06-25,Saudi Arabia,Egypt,betexplorer_archive_average,5.2,3.58,1.78,1x2,,,,,,,,,,2018,group,group_stage,BetExplorer / OddsPortal archive average,https://www.betexplorer.com/football/world/world-cup-2018/results/,results_2018_betexplorer_main.html,archive_average,medium,Cached public archive result page; source timestamp and kickoff-relative timestamp unavailable and left blank.
2018035,2018-06-25,Spain,Morocco,betexplorer_archive_average,1.36,4.98,9.77,1x2,,,,,,,,,,2018,group,group_stage,BetExplorer / OddsPortal archive average,https://www.betexplorer.com/football/world/world-cup-2018/results/,results_2018_betexplorer_main.html,archive_average,medium,Cached public archive result page; source timestamp and kickoff-relative timestamp unavailable and left blank.
2018036,2018-06-25,Iran,Portugal,betexplorer_archive_average,6.13,4.02,1.61,1x2,,,,,,,,,,2018,group,group_stage,BetExplorer / OddsPortal archive average,https://www.betexplorer.com/football/world/world-cup-2018/results/,results_2018_betexplorer_main.html,archive_average,medium,Cached public archive result page; source timestamp and kickoff-relative timestamp unavailable and left blank.
2018037,2018-06-26,Australia,Peru,betexplorer_archive_average,2.92,3.48,2.46,1x2,,,,,,,,,,2018,group,group_stage,BetExplorer / OddsPortal archive average,https://www.betexplorer.com/football/world/world-cup-2018/results/,results_2018_betexplorer_main.html,archive_average,medium,Cached public archive result page; source timestamp and kickoff-relative timestamp unavailable and left blank.
2018038,2018-06-26,Denmark,France,betexplorer_archive_average,5.34,2.77,2.06,1x2,,,,,,,,,,2018,group,group_stage,BetExplorer / OddsPortal archive average,https://www.betexplorer.com/football/world/world-cup-2018/results/,results_2018_betexplorer_main.html,archive_average,medium,Cached public archive result page; source timestamp and kickoff-relative timestamp unavailable and left blank.
2018039,2018-06-26,Nigeria,Argentina,betexplorer_archive_average,5.94,5.07,1.49,1x2,,,,,,,,,,2018,group,group_stage,BetExplorer / OddsPortal archive average,https://www.betexplorer.com/football/world/world-cup-2018/results/,results_2018_betexplorer_main.html,archive_average,medium,Cached public archive result page; source timestamp and kickoff-relative timestamp unavailable and left blank.
2018040,2018-06-26,Iceland,Croatia,betexplorer_archive_average,4.43,3.86,1.83,1x2,,,,,,,,,,2018,group,group_stage,BetExplorer / OddsPortal archive average,https://www.betexplorer.com/football/world/world-cup-2018/results/,results_2018_betexplorer_main.html,archive_average,medium,Cached public archive result page; source timestamp and kickoff-relative timestamp unavailable and left blank.
2018041,2018-06-27,South Korea,Germany,betexplorer_archive_average,18.92,8.07,1.17,1x2,,,,,,,,,,2018,group,group_stage,BetExplorer / OddsPortal archive average,https://www.betexplorer.com/football/world/world-cup-2018/results/,results_2018_betexplorer_main.html,archive_average,medium,Cached public archive result page; source timestamp and kickoff-relative timestamp unavailable and left blank.
2018042,2018-06-27,Mexico,Sweden,betexplorer_archive_average,2.21,3.38,3.51,1x2,,,,,,,,,,2018,group,group_stage,BetExplorer / OddsPortal archive average,https://www.betexplorer.com/football/world/world-cup-2018/results/,results_2018_betexplorer_main.html,archive_average,medium,Cached public archive result page; source timestamp and kickoff-relative timestamp unavailable and left blank.
2018043,2018-06-27,Serbia,Brazil,betexplorer_archive_average,7.4,4.64,1.46,1x2,,,,,,,,,,2018,group,group_stage,BetExplorer / OddsPortal archive average,https://www.betexplorer.com/football/world/world-cup-2018/results/,results_2018_betexplorer_main.html,archive_average,medium,Cached public archive result page; source timestamp and kickoff-relative timestamp unavailable and left blank.
2018044,2018-06-27,Switzerland,Costa Rica,betexplorer_archive_average,1.6,3.64,7.45,1x2,,,,,,,,,,2018,group,group_stage,BetExplorer / OddsPortal archive average,https://www.betexplorer.com/football/world/world-cup-2018/results/,results_2018_betexplorer_main.html,archive_average,medium,Cached public archive result page; source timestamp and kickoff-relative timestamp unavailable and left blank.
2018045,2018-06-28,Japan,Poland,betexplorer_archive_average,2.92,3.14,2.68,1x2,,,,,,,,,,2018,group,group_stage,BetExplorer / OddsPortal archive average,https://www.betexplorer.com/football/world/world-cup-2018/results/,results_2018_betexplorer_main.html,archive_average,medium,Cached public archive result page; source timestamp and kickoff-relative timestamp unavailable and left blank.
2018046,2018-06-28,Senegal,Colombia,betexplorer_archive_average,5.14,3.75,1.75,1x2,,,,,,,,,,2018,group,group_stage,BetExplorer / OddsPortal archive average,https://www.betexplorer.com/football/world/world-cup-2018/results/,results_2018_betexplorer_main.html,archive_average,medium,Cached public archive result page; source timestamp and kickoff-relative timestamp unavailable and left blank.
2018047,2018-06-28,Panama,Tunisia,betexplorer_archive_average,4.36,3.7,1.87,1x2,,,,,,,,,,2018,group,group_stage,BetExplorer / OddsPortal archive average,https://www.betexplorer.com/football/world/world-cup-2018/results/,results_2018_betexplorer_main.html,archive_average,medium,Cached public archive result page; source timestamp and kickoff-relative timestamp unavailable and left blank.
2018048,2018-06-28,England,Belgium,betexplorer_archive_average,2.47,2.84,3.6,1x2,,,,,,,,,,2018,group,group_stage,BetExplorer / OddsPortal archive average,https://www.betexplorer.com/football/world/world-cup-2018/results/,results_2018_betexplorer_main.html,archive_average,medium,Cached public archive result page; source timestamp and kickoff-relative timestamp unavailable and left blank.
2018049,2018-06-30,France,Argentina,betexplorer_archive_average,2.41,3.11,3.36,1x2,,,,,,,,,,2018,round_of_16,knockout,BetExplorer / OddsPortal archive average,https://www.betexplorer.com/football/world/world-cup-2018/results/,results_2018_betexplorer_playoffs.html,archive_average,medium,Cached public archive result page; source timestamp and kickoff-relative timestamp unavailable and left blank.
2018050,2018-06-30,Uruguay,Portugal,betexplorer_archive_average,3.05,2.96,2.72,1x2,,,,,,,,,,2018,round_of_16,knockout,BetExplorer / OddsPortal archive average,https://www.betexplorer.com/football/world/world-cup-2018/results/,results_2018_betexplorer_playoffs.html,archive_average,medium,Cached public archive result page; source timestamp and kickoff-relative timestamp unavailable and left blank.
2018051,2018-07-01,Russia,Spain,betexplorer_archive_average,6.41,4.12,1.58,1x2,,,,,,,,,,2018,round_of_16,knockout,BetExplorer / OddsPortal archive average,https://www.betexplorer.com/football/world/world-cup-2018/results/,results_2018_betexplorer_playoffs.html,archive_average,medium,Cached public archive result page; source timestamp and kickoff-relative timestamp unavailable and left blank.
2018052,2018-07-01,Croatia,Denmark,betexplorer_archive_average,1.97,3.22,4.66,1x2,,,,,,,,,,2018,round_of_16,knockout,BetExplorer / OddsPortal archive average,https://www.betexplorer.com/football/world/world-cup-2018/results/,results_2018_betexplorer_playoffs.html,archive_average,medium,Cached public archive result page; source timestamp and kickoff-relative timestamp unavailable and left blank.
2018053,2018-07-02,Brazil,Mexico,betexplorer_archive_average,1.49,4.4,7.51,1x2,,,,,,,,,,2018,round_of_16,knockout,BetExplorer / OddsPortal archive average,https://www.betexplorer.com/football/world/world-cup-2018/results/,results_2018_betexplorer_playoffs.html,archive_average,medium,Cached public archive result page; source timestamp and kickoff-relative timestamp unavailable and left blank.
2018054,2018-07-02,Belgium,Japan,betexplorer_archive_average,1.42,4.69,8.55,1x2,,,,,,,,,,2018,round_of_16,knockout,BetExplorer / OddsPortal archive average,https://www.betexplorer.com/football/world/world-cup-2018/results/,results_2018_betexplorer_playoffs.html,archive_average,medium,Cached public archive result page; source timestamp and kickoff-relative timestamp unavailable and left blank.
2018055,2018-07-03,Sweden,Switzerland,betexplorer_archive_average,3.32,2.94,2.54,1x2,,,,,,,,,,2018,round_of_16,knockout,BetExplorer / OddsPortal archive average,https://www.betexplorer.com/football/world/world-cup-2018/results/,results_2018_betexplorer_playoffs.html,archive_average,medium,Cached public archive result page; source timestamp and kickoff-relative timestamp unavailable and left blank.
2018056,2018-07-03,Colombia,England,betexplorer_archive_average,4.06,3.1,2.15,1x2,,,,,,,,,,2018,round_of_16,knockout,BetExplorer / OddsPortal archive average,https://www.betexplorer.com/football/world/world-cup-2018/results/,results_2018_betexplorer_playoffs.html,archive_average,medium,Cached public archive result page; source timestamp and kickoff-relative timestamp unavailable and left blank.
2018057,2018-07-06,Uruguay,France,betexplorer_archive_average,4.64,3.11,2.01,1x2,,,,,,,,,,2018,quarter_final,knockout,BetExplorer / OddsPortal archive average,https://www.betexplorer.com/football/world/world-cup-2018/results/,results_2018_betexplorer_playoffs.html,archive_average,medium,Cached public archive result page; source timestamp and kickoff-relative timestamp unavailable and left blank.
2018058,2018-07-06,Brazil,Belgium,betexplorer_archive_average,2.11,3.44,3.72,1x2,,,,,,,,,,2018,quarter_final,knockout,BetExplorer / OddsPortal archive average,https://www.betexplorer.com/football/world/world-cup-2018/results/,results_2018_betexplorer_playoffs.html,archive_average,medium,Cached public archive result page; source timestamp and kickoff-relative timestamp unavailable and left blank.
2018059,2018-07-07,Sweden,England,betexplorer_archive_average,5.1,3.38,1.85,1x2,,,,,,,,,,2018,quarter_final,knockout,BetExplorer / OddsPortal archive average,https://www.betexplorer.com/football/world/world-cup-2018/results/,results_2018_betexplorer_playoffs.html,archive_average,medium,Cached public archive result page; source timestamp and kickoff-relative timestamp unavailable and left blank.
2018060,2018-07-07,Russia,Croatia,betexplorer_archive_average,3.98,3.16,2.15,1x2,,,,,,,,,,2018,quarter_final,knockout,BetExplorer / OddsPortal archive average,https://www.betexplorer.com/football/world/world-cup-2018/results/,results_2018_betexplorer_playoffs.html,archive_average,medium,Cached public archive result page; source timestamp and kickoff-relative timestamp unavailable and left blank.
2018061,2018-07-10,France,Belgium,betexplorer_archive_average,2.58,3.15,3.03,1x2,,,,,,,,,,2018,semi_final,knockout,BetExplorer / OddsPortal archive average,https://www.betexplorer.com/football/world/world-cup-2018/results/,results_2018_betexplorer_playoffs.html,archive_average,medium,Cached public archive result page; source timestamp and kickoff-relative timestamp unavailable and left blank.
2018062,2018-07-11,Croatia,England,betexplorer_archive_average,3.86,2.99,2.27,1x2,,,,,,,,,,2018,semi_final,knockout,BetExplorer / OddsPortal archive average,https://www.betexplorer.com/football/world/world-cup-2018/results/,results_2018_betexplorer_playoffs.html,archive_average,medium,Cached public archive result page; source timestamp and kickoff-relative timestamp unavailable and left blank.
2018063,2018-07-14,Belgium,England,betexplorer_archive_average,2.21,3.76,3.21,1x2,,,,,,,,,,2018,third_place,knockout,BetExplorer / OddsPortal archive average,https://www.betexplorer.com/football/world/world-cup-2018/results/,results_2018_betexplorer_playoffs.html,archive_average,medium,Cached public archive result page; source timestamp and kickoff-relative timestamp unavailable and left blank.
2018064,2018-07-15,France,Croatia,betexplorer_archive_average,2.14,3.09,4.21,1x2,,,,,,,,,,2018,final,knockout,BetExplorer / OddsPortal archive average,https://www.betexplorer.com/football/world/world-cup-2018/results/,results_2018_betexplorer_playoffs.html,archive_average,medium,Cached public archive result page; source timestamp and kickoff-relative timestamp unavailable and left blank.
2022001,2022-11-20,Qatar,Ecuador,betexplorer_archive_average,3.7,3.11,2.21,1x2,,,,,,,,,,2022,group,group_stage,BetExplorer / OddsPortal archive average,https://www.betexplorer.com/football/world/world-cup-2022/results/,results_2022_betexplorer_main.html,archive_average,medium,Cached public archive result page; source timestamp and kickoff-relative timestamp unavailable and left blank.
2022002,2022-11-21,Senegal,Netherlands,betexplorer_archive_average,5.92,3.65,1.66,1x2,,,,,,,,,,2022,group,group_stage,BetExplorer / OddsPortal archive average,https://www.betexplorer.com/football/world/world-cup-2022/results/,results_2022_betexplorer_main.html,archive_average,medium,Cached public archive result page; source timestamp and kickoff-relative timestamp unavailable and left blank.
2022003,2022-11-21,England,Iran,betexplorer_archive_average,1.37,4.61,9.96,1x2,,,,,,,,,,2022,group,group_stage,BetExplorer / OddsPortal archive average,https://www.betexplorer.com/football/world/world-cup-2022/results/,results_2022_betexplorer_main.html,archive_average,medium,Cached public archive result page; source timestamp and kickoff-relative timestamp unavailable and left blank.
2022004,2022-11-21,United States,Wales,betexplorer_archive_average,2.45,3.09,3.18,1x2,,,,,,,,,,2022,group,group_stage,BetExplorer / OddsPortal archive average,https://www.betexplorer.com/football/world/world-cup-2022/results/,results_2022_betexplorer_main.html,archive_average,medium,Cached public archive result page; source timestamp and kickoff-relative timestamp unavailable and left blank.
2022005,2022-11-22,Argentina,Saudi Arabia,betexplorer_archive_average,1.11,9.19,27.4,1x2,,,,,,,,,,2022,group,group_stage,BetExplorer / OddsPortal archive average,https://www.betexplorer.com/football/world/world-cup-2022/results/,results_2022_betexplorer_main.html,archive_average,medium,Cached public archive result page; source timestamp and kickoff-relative timestamp unavailable and left blank.
2022006,2022-11-22,Mexico,Poland,betexplorer_archive_average,2.45,3.11,3.14,1x2,,,,,,,,,,2022,group,group_stage,BetExplorer / OddsPortal archive average,https://www.betexplorer.com/football/world/world-cup-2022/results/,results_2022_betexplorer_main.html,archive_average,medium,Cached public archive result page; source timestamp and kickoff-relative timestamp unavailable and left blank.
2022007,2022-11-22,Denmark,Tunisia,betexplorer_archive_average,1.58,3.86,6.48,1x2,,,,,,,,,,2022,group,group_stage,BetExplorer / OddsPortal archive average,https://www.betexplorer.com/football/world/world-cup-2022/results/,results_2022_betexplorer_main.html,archive_average,medium,Cached public archive result page; source timestamp and kickoff-relative timestamp unavailable and left blank.
2022008,2022-11-22,France,Australia,betexplorer_archive_average,1.21,6.75,14.22,1x2,,,,,,,,,,2022,group,group_stage,BetExplorer / OddsPortal archive average,https://www.betexplorer.com/football/world/world-cup-2022/results/,results_2022_betexplorer_main.html,archive_average,medium,Cached public archive result page; source timestamp and kickoff-relative timestamp unavailable and left blank.
2022009,2022-11-23,Germany,Japan,betexplorer_archive_average,1.42,4.93,7.28,1x2,,,,,,,,,,2022,group,group_stage,BetExplorer / OddsPortal archive average,https://www.betexplorer.com/football/world/world-cup-2022/results/,results_2022_betexplorer_main.html,archive_average,medium,Cached public archive result page; source timestamp and kickoff-relative timestamp unavailable and left blank.
2022010,2022-11-23,Spain,Costa Rica,betexplorer_archive_average,1.15,8.55,17.57,1x2,,,,,,,,,,2022,group,group_stage,BetExplorer / OddsPortal archive average,https://www.betexplorer.com/football/world/world-cup-2022/results/,results_2022_betexplorer_main.html,archive_average,medium,Cached public archive result page; source timestamp and kickoff-relative timestamp unavailable and left blank.
2022011,2022-11-23,Morocco,Croatia,betexplorer_archive_average,3.52,3.27,2.22,1x2,,,,,,,,,,2022,group,group_stage,BetExplorer / OddsPortal archive average,https://www.betexplorer.com/football/world/world-cup-2022/results/,results_2022_betexplorer_main.html,archive_average,medium,Cached public archive result page; source timestamp and kickoff-relative timestamp unavailable and left blank.
2022012,2022-11-23,Belgium,Canada,betexplorer_archive_average,1.58,4.2,5.87,1x2,,,,,,,,,,2022,group,group_stage,BetExplorer / OddsPortal archive average,https://www.betexplorer.com/football/world/world-cup-2022/results/,results_2022_betexplorer_main.html,archive_average,medium,Cached public archive result page; source timestamp and kickoff-relative timestamp unavailable and left blank.
2022013,2022-11-24,Switzerland,Cameroon,betexplorer_archive_average,1.81,3.42,4.94,1x2,,,,,,,,,,2022,group,group_stage,BetExplorer / OddsPortal archive average,https://www.betexplorer.com/football/world/world-cup-2022/results/,results_2022_betexplorer_main.html,archive_average,medium,Cached public archive result page; source timestamp and kickoff-relative timestamp unavailable and left blank.
2022014,2022-11-24,Brazil,Serbia,betexplorer_archive_average,1.45,4.52,7.19,1x2,,,,,,,,,,2022,group,group_stage,BetExplorer / OddsPortal archive average,https://www.betexplorer.com/football/world/world-cup-2022/results/,results_2022_betexplorer_main.html,archive_average,medium,Cached public archive result page; source timestamp and kickoff-relative timestamp unavailable and left blank.
2022015,2022-11-24,Uruguay,South Korea,betexplorer_archive_average,1.78,3.5,4.98,1x2,,,,,,,,,,2022,group,group_stage,BetExplorer / OddsPortal archive average,https://www.betexplorer.com/football/world/world-cup-2022/results/,results_2022_betexplorer_main.html,archive_average,medium,Cached public archive result page; source timestamp and kickoff-relative timestamp unavailable and left blank.
2022016,2022-11-24,Portugal,Ghana,betexplorer_archive_average,1.3,5.45,10.38,1x2,,,,,,,,,,2022,group,group_stage,BetExplorer / OddsPortal archive average,https://www.betexplorer.com/football/world/world-cup-2022/results/,results_2022_betexplorer_main.html,archive_average,medium,Cached public archive result page; source timestamp and kickoff-relative timestamp unavailable and left blank.
2022017,2022-11-25,Qatar,Senegal,betexplorer_archive_average,5.42,3.58,1.73,1x2,,,,,,,,,,2022,group,group_stage,BetExplorer / OddsPortal archive average,https://www.betexplorer.com/football/world/world-cup-2022/results/,results_2022_betexplorer_main.html,archive_average,medium,Cached public archive result page; source timestamp and kickoff-relative timestamp unavailable and left blank.
2022018,2022-11-25,Netherlands,Ecuador,betexplorer_archive_average,1.83,3.4,4.84,1x2,,,,,,,,,,2022,group,group_stage,BetExplorer / OddsPortal archive average,https://www.betexplorer.com/football/world/world-cup-2022/results/,results_2022_betexplorer_main.html,archive_average,medium,Cached public archive result page; source timestamp and kickoff-relative timestamp unavailable and left blank.
2022019,2022-11-25,Wales,Iran,betexplorer_archive_average,2.13,3.16,3.84,1x2,,,,,,,,,,2022,group,group_stage,BetExplorer / OddsPortal archive average,https://www.betexplorer.com/football/world/world-cup-2022/results/,results_2022_betexplorer_main.html,archive_average,medium,Cached public archive result page; source timestamp and kickoff-relative timestamp unavailable and left blank.
2022020,2022-11-25,England,United States,betexplorer_archive_average,1.46,4.26,7.81,1x2,,,,,,,,,,2022,group,group_stage,BetExplorer / OddsPortal archive average,https://www.betexplorer.com/football/world/world-cup-2022/results/,results_2022_betexplorer_main.html,archive_average,medium,Cached public archive result page; source timestamp and kickoff-relative timestamp unavailable and left blank.
2022021,2022-11-26,Poland,Saudi Arabia,betexplorer_archive_average,1.71,3.63,5.41,1x2,,,,,,,,,,2022,group,group_stage,BetExplorer / OddsPortal archive average,https://www.betexplorer.com/football/world/world-cup-2022/results/,results_2022_betexplorer_main.html,archive_average,medium,Cached public archive result page; source timestamp and kickoff-relative timestamp unavailable and left blank.
2022022,2022-11-26,Argentina,Mexico,betexplorer_archive_average,1.54,3.96,6.99,1x2,,,,,,,,,,2022,group,group_stage,BetExplorer / OddsPortal archive average,https://www.betexplorer.com/football/world/world-cup-2022/results/,results_2022_betexplorer_main.html,archive_average,medium,Cached public archive result page; source timestamp and kickoff-relative timestamp unavailable and left blank.
2022023,2022-11-26,Tunisia,Australia,betexplorer_archive_average,2.19,3.33,3.52,1x2,,,,,,,,,,2022,group,group_stage,BetExplorer / OddsPortal archive average,https://www.betexplorer.com/football/world/world-cup-2022/results/,results_2022_betexplorer_main.html,archive_average,medium,Cached public archive result page; source timestamp and kickoff-relative timestamp unavailable and left blank.
2022024,2022-11-26,France,Denmark,betexplorer_archive_average,1.81,3.54,4.75,1x2,,,,,,,,,,2022,group,group_stage,BetExplorer / OddsPortal archive average,https://www.betexplorer.com/football/world/world-cup-2022/results/,results_2022_betexplorer_main.html,archive_average,medium,Cached public archive result page; source timestamp and kickoff-relative timestamp unavailable and left blank.
2022025,2022-11-27,Japan,Costa Rica,betexplorer_archive_average,1.48,4.27,7.53,1x2,,,,,,,,,,2022,group,group_stage,BetExplorer / OddsPortal archive average,https://www.betexplorer.com/football/world/world-cup-2022/results/,results_2022_betexplorer_main.html,archive_average,medium,Cached public archive result page; source timestamp and kickoff-relative timestamp unavailable and left blank.
2022026,2022-11-27,Spain,Germany,betexplorer_archive_average,2.51,3.41,2.82,1x2,,,,,,,,,,2022,group,group_stage,BetExplorer / OddsPortal archive average,https://www.betexplorer.com/football/world/world-cup-2022/results/,results_2022_betexplorer_main.html,archive_average,medium,Cached public archive result page; source timestamp and kickoff-relative timestamp unavailable and left blank.
2022027,2022-11-27,Belgium,Morocco,betexplorer_archive_average,1.9,3.41,4.44,1x2,,,,,,,,,,2022,group,group_stage,BetExplorer / OddsPortal archive average,https://www.betexplorer.com/football/world/world-cup-2022/results/,results_2022_betexplorer_main.html,archive_average,medium,Cached public archive result page; source timestamp and kickoff-relative timestamp unavailable and left blank.
2022028,2022-11-27,Croatia,Canada,betexplorer_archive_average,2.23,3.24,3.5,1x2,,,,,,,,,,2022,group,group_stage,BetExplorer / OddsPortal archive average,https://www.betexplorer.com/football/world/world-cup-2022/results/,results_2022_betexplorer_main.html,archive_average,medium,Cached public archive result page; source timestamp and kickoff-relative timestamp unavailable and left blank.
2022029,2022-11-28,Cameroon,Serbia,betexplorer_archive_average,5.22,3.78,1.7,1x2,,,,,,,,,,2022,group,group_stage,BetExplorer / OddsPortal archive average,https://www.betexplorer.com/football/world/world-cup-2022/results/,results_2022_betexplorer_main.html,archive_average,medium,Cached public archive result page; source timestamp and kickoff-relative timestamp unavailable and left blank.
2022030,2022-11-28,Brazil,Switzerland,betexplorer_archive_average,1.48,4.23,7.48,1x2,,,,,,,,,,2022,group,group_stage,BetExplorer / OddsPortal archive average,https://www.betexplorer.com/football/world/world-cup-2022/results/,results_2022_betexplorer_main.html,archive_average,medium,Cached public archive result page; source timestamp and kickoff-relative timestamp unavailable and left blank.
2022031,2022-11-28,South Korea,Ghana,betexplorer_archive_average,2.72,3.11,2.8,1x2,,,,,,,,,,2022,group,group_stage,BetExplorer / OddsPortal archive average,https://www.betexplorer.com/football/world/world-cup-2022/results/,results_2022_betexplorer_main.html,archive_average,medium,Cached public archive result page; source timestamp and kickoff-relative timestamp unavailable and left blank.
2022032,2022-11-28,Portugal,Uruguay,betexplorer_archive_average,1.94,3.36,4.39,1x2,,,,,,,,,,2022,group,group_stage,BetExplorer / OddsPortal archive average,https://www.betexplorer.com/football/world/world-cup-2022/results/,results_2022_betexplorer_main.html,archive_average,medium,Cached public archive result page; source timestamp and kickoff-relative timestamp unavailable and left blank.
2022033,2022-11-29,Ecuador,Senegal,betexplorer_archive_average,2.46,3.05,3.22,1x2,,,,,,,,,,2022,group,group_stage,BetExplorer / OddsPortal archive average,https://www.betexplorer.com/football/world/world-cup-2022/results/,results_2022_betexplorer_main.html,archive_average,medium,Cached public archive result page; source timestamp and kickoff-relative timestamp unavailable and left blank.
2022034,2022-11-29,Qatar,Netherlands,betexplorer_archive_average,14.66,7.02,1.2,1x2,,,,,,,,,,2022,group,group_stage,BetExplorer / OddsPortal archive average,https://www.betexplorer.com/football/world/world-cup-2022/results/,results_2022_betexplorer_main.html,archive_average,medium,Cached public archive result page; source timestamp and kickoff-relative timestamp unavailable and left blank.
2022035,2022-11-29,Wales,England,betexplorer_archive_average,8.66,4.43,1.42,1x2,,,,,,,,,,2022,group,group_stage,BetExplorer / OddsPortal archive average,https://www.betexplorer.com/football/world/world-cup-2022/results/,results_2022_betexplorer_main.html,archive_average,medium,Cached public archive result page; source timestamp and kickoff-relative timestamp unavailable and left blank.
2022036,2022-11-29,Iran,United States,betexplorer_archive_average,4.16,3.47,1.94,1x2,,,,,,,,,,2022,group,group_stage,BetExplorer / OddsPortal archive average,https://www.betexplorer.com/football/world/world-cup-2022/results/,results_2022_betexplorer_main.html,archive_average,medium,Cached public archive result page; source timestamp and kickoff-relative timestamp unavailable and left blank.
2022037,2022-11-30,Poland,Argentina,betexplorer_archive_average,8.21,4.52,1.42,1x2,,,,,,,,,,2022,group,group_stage,BetExplorer / OddsPortal archive average,https://www.betexplorer.com/football/world/world-cup-2022/results/,results_2022_betexplorer_main.html,archive_average,medium,Cached public archive result page; source timestamp and kickoff-relative timestamp unavailable and left blank.
2022038,2022-11-30,Saudi Arabia,Mexico,betexplorer_archive_average,5.37,4.21,1.61,1x2,,,,,,,,,,2022,group,group_stage,BetExplorer / OddsPortal archive average,https://www.betexplorer.com/football/world/world-cup-2022/results/,results_2022_betexplorer_main.html,archive_average,medium,Cached public archive result page; source timestamp and kickoff-relative timestamp unavailable and left blank.
2022039,2022-11-30,Australia,Denmark,betexplorer_archive_average,7.68,4.79,1.42,1x2,,,,,,,,,,2022,group,group_stage,BetExplorer / OddsPortal archive average,https://www.betexplorer.com/football/world/world-cup-2022/results/,results_2022_betexplorer_main.html,archive_average,medium,Cached public archive result page; source timestamp and kickoff-relative timestamp unavailable and left blank.
2022040,2022-11-30,Tunisia,France,betexplorer_archive_average,6.0,3.87,1.62,1x2,,,,,,,,,,2022,group,group_stage,BetExplorer / OddsPortal archive average,https://www.betexplorer.com/football/world/world-cup-2022/results/,results_2022_betexplorer_main.html,archive_average,medium,Cached public archive result page; source timestamp and kickoff-relative timestamp unavailable and left blank.
2022041,2022-12-01,Japan,Spain,betexplorer_archive_average,7.1,4.47,1.47,1x2,,,,,,,,,,2022,group,group_stage,BetExplorer / OddsPortal archive average,https://www.betexplorer.com/football/world/world-cup-2022/results/,results_2022_betexplorer_main.html,archive_average,medium,Cached public archive result page; source timestamp and kickoff-relative timestamp unavailable and left blank.
2022042,2022-12-01,Costa Rica,Germany,betexplorer_archive_average,25.12,11.26,1.09,1x2,,,,,,,,,,2022,group,group_stage,BetExplorer / OddsPortal archive average,https://www.betexplorer.com/football/world/world-cup-2022/results/,results_2022_betexplorer_main.html,archive_average,medium,Cached public archive result page; source timestamp and kickoff-relative timestamp unavailable and left blank.
2022043,2022-12-01,Croatia,Belgium,betexplorer_archive_average,3.01,3.39,2.4,1x2,,,,,,,,,,2022,group,group_stage,BetExplorer / OddsPortal archive average,https://www.betexplorer.com/football/world/world-cup-2022/results/,results_2022_betexplorer_main.html,archive_average,medium,Cached public archive result page; source timestamp and kickoff-relative timestamp unavailable and left blank.
2022044,2022-12-01,Canada,Morocco,betexplorer_archive_average,4.75,3.46,1.83,1x2,,,,,,,,,,2022,group,group_stage,BetExplorer / OddsPortal archive average,https://www.betexplorer.com/football/world/world-cup-2022/results/,results_2022_betexplorer_main.html,archive_average,medium,Cached public archive result page; source timestamp and kickoff-relative timestamp unavailable and left blank.
2022045,2022-12-02,Serbia,Switzerland,betexplorer_archive_average,2.54,3.36,2.83,1x2,,,,,,,,,,2022,group,group_stage,BetExplorer / OddsPortal archive average,https://www.betexplorer.com/football/world/world-cup-2022/results/,results_2022_betexplorer_main.html,archive_average,medium,Cached public archive result page; source timestamp and kickoff-relative timestamp unavailable and left blank.
2022046,2022-12-02,Cameroon,Brazil,betexplorer_archive_average,9.09,5.27,1.34,1x2,,,,,,,,,,2022,group,group_stage,BetExplorer / OddsPortal archive average,https://www.betexplorer.com/football/world/world-cup-2022/results/,results_2022_betexplorer_main.html,archive_average,medium,Cached public archive result page; source timestamp and kickoff-relative timestamp unavailable and left blank.
2022047,2022-12-02,Ghana,Uruguay,betexplorer_archive_average,4.52,3.77,1.78,1x2,,,,,,,,,,2022,group,group_stage,BetExplorer / OddsPortal archive average,https://www.betexplorer.com/football/world/world-cup-2022/results/,results_2022_betexplorer_main.html,archive_average,medium,Cached public archive result page; source timestamp and kickoff-relative timestamp unavailable and left blank.
2022048,2022-12-02,South Korea,Portugal,betexplorer_archive_average,4.27,3.75,1.84,1x2,,,,,,,,,,2022,group,group_stage,BetExplorer / OddsPortal archive average,https://www.betexplorer.com/football/world/world-cup-2022/results/,results_2022_betexplorer_main.html,archive_average,medium,Cached public archive result page; source timestamp and kickoff-relative timestamp unavailable and left blank.
2022049,2022-12-03,Netherlands,United States,betexplorer_archive_average,1.93,3.36,4.38,1x2,,,,,,,,,,2022,round_of_16,knockout,BetExplorer / OddsPortal archive average,https://www.betexplorer.com/football/world/world-cup-2022/results/,results_2022_betexplorer_playoffs.html,archive_average,medium,Cached public archive result page; source timestamp and kickoff-relative timestamp unavailable and left blank.
2022050,2022-12-03,Argentina,Australia,betexplorer_archive_average,1.29,6.1,9.74,1x2,,,,,,,,,,2022,round_of_16,knockout,BetExplorer / OddsPortal archive average,https://www.betexplorer.com/football/world/world-cup-2022/results/,results_2022_betexplorer_playoffs.html,archive_average,medium,Cached public archive result page; source timestamp and kickoff-relative timestamp unavailable and left blank.
2022051,2022-12-04,France,Poland,betexplorer_archive_average,1.38,4.91,8.63,1x2,,,,,,,,,,2022,round_of_16,knockout,BetExplorer / OddsPortal archive average,https://www.betexplorer.com/football/world/world-cup-2022/results/,results_2022_betexplorer_playoffs.html,archive_average,medium,Cached public archive result page; source timestamp and kickoff-relative timestamp unavailable and left blank.
2022052,2022-12-04,England,Senegal,betexplorer_archive_average,1.61,3.72,6.59,1x2,,,,,,,,,,2022,round_of_16,knockout,BetExplorer / OddsPortal archive average,https://www.betexplorer.com/football/world/world-cup-2022/results/,results_2022_betexplorer_playoffs.html,archive_average,medium,Cached public archive result page; source timestamp and kickoff-relative timestamp unavailable and left blank.
2022053,2022-12-05,Japan,Croatia,betexplorer_archive_average,3.84,3.24,2.1,1x2,,,,,,,,,,2022,round_of_16,knockout,BetExplorer / OddsPortal archive average,https://www.betexplorer.com/football/world/world-cup-2022/results/,results_2022_betexplorer_playoffs.html,archive_average,medium,Cached public archive result page; source timestamp and kickoff-relative timestamp unavailable and left blank.
2022054,2022-12-05,Brazil,South Korea,betexplorer_archive_average,1.23,6.4,13.6,1x2,,,,,,,,,,2022,round_of_16,knockout,BetExplorer / OddsPortal archive average,https://www.betexplorer.com/football/world/world-cup-2022/results/,results_2022_betexplorer_playoffs.html,archive_average,medium,Cached public archive result page; source timestamp and kickoff-relative timestamp unavailable and left blank.
2022055,2022-12-06,Morocco,Spain,betexplorer_archive_average,6.09,3.8,1.62,1x2,,,,,,,,,,2022,round_of_16,knockout,BetExplorer / OddsPortal archive average,https://www.betexplorer.com/football/world/world-cup-2022/results/,results_2022_betexplorer_playoffs.html,archive_average,medium,Cached public archive result page; source timestamp and kickoff-relative timestamp unavailable and left blank.
2022056,2022-12-06,Portugal,Switzerland,betexplorer_archive_average,1.93,3.57,4.11,1x2,,,,,,,,,,2022,round_of_16,knockout,BetExplorer / OddsPortal archive average,https://www.betexplorer.com/football/world/world-cup-2022/results/,results_2022_betexplorer_playoffs.html,archive_average,medium,Cached public archive result page; source timestamp and kickoff-relative timestamp unavailable and left blank.
2022057,2022-12-09,Croatia,Brazil,betexplorer_archive_average,8.64,4.74,1.4,1x2,,,,,,,,,,2022,quarter_final,knockout,BetExplorer / OddsPortal archive average,https://www.betexplorer.com/football/world/world-cup-2022/results/,results_2022_betexplorer_playoffs.html,archive_average,medium,Cached public archive result page; source timestamp and kickoff-relative timestamp unavailable and left blank.
2022058,2022-12-09,Netherlands,Argentina,betexplorer_archive_average,3.66,3.1,2.22,1x2,,,,,,,,,,2022,quarter_final,knockout,BetExplorer / OddsPortal archive average,https://www.betexplorer.com/football/world/world-cup-2022/results/,results_2022_betexplorer_playoffs.html,archive_average,medium,Cached public archive result page; source timestamp and kickoff-relative timestamp unavailable and left blank.
2022059,2022-12-10,Morocco,Portugal,betexplorer_archive_average,6.21,3.87,1.6,1x2,,,,,,,,,,2022,quarter_final,knockout,BetExplorer / OddsPortal archive average,https://www.betexplorer.com/football/world/world-cup-2022/results/,results_2022_betexplorer_playoffs.html,archive_average,medium,Cached public archive result page; source timestamp and kickoff-relative timestamp unavailable and left blank.
2022060,2022-12-10,England,France,betexplorer_archive_average,2.86,3.06,2.7,1x2,,,,,,,,,,2022,quarter_final,knockout,BetExplorer / OddsPortal archive average,https://www.betexplorer.com/football/world/world-cup-2022/results/,results_2022_betexplorer_playoffs.html,archive_average,medium,Cached public archive result page; source timestamp and kickoff-relative timestamp unavailable and left blank.
2022061,2022-12-13,Argentina,Croatia,betexplorer_archive_average,2.0,3.09,4.58,1x2,,,,,,,,,,2022,semi_final,knockout,BetExplorer / OddsPortal archive average,https://www.betexplorer.com/football/world/world-cup-2022/results/,results_2022_betexplorer_playoffs.html,archive_average,medium,Cached public archive result page; source timestamp and kickoff-relative timestamp unavailable and left blank.
2022062,2022-12-14,France,Morocco,betexplorer_archive_average,1.59,3.87,6.42,1x2,,,,,,,,,,2022,semi_final,knockout,BetExplorer / OddsPortal archive average,https://www.betexplorer.com/football/world/world-cup-2022/results/,results_2022_betexplorer_playoffs.html,archive_average,medium,Cached public archive result page; source timestamp and kickoff-relative timestamp unavailable and left blank.
2022063,2022-12-17,Croatia,Morocco,betexplorer_archive_average,2.27,3.55,3.09,1x2,,,,,,,,,,2022,third_place,knockout,BetExplorer / OddsPortal archive average,https://www.betexplorer.com/football/world/world-cup-2022/results/,results_2022_betexplorer_playoffs.html,archive_average,medium,Cached public archive result page; source timestamp and kickoff-relative timestamp unavailable and left blank.
2022064,2022-12-18,Argentina,France,betexplorer_archive_average,2.67,3.13,2.86,1x2,,,,,,,,,,2022,final,knockout,BetExplorer / OddsPortal archive average,https://www.betexplorer.com/football/world/world-cup-2022/results/,results_2022_betexplorer_playoffs.html,archive_average,medium,Cached public archive result page; source timestamp and kickoff-relative timestamp unavailable and left blank.
