match_id,date,team_a,team_b,bookmaker,odds_team_a,odds_draw,odds_team_b,market_type,source_timestamp,over_under_line,odds_over,odds_under,spread,hours_before_kickoff,implied_prob_team_a,implied_prob_draw,implied_prob_team_b
3,2026-06-18,Czechia,South Africa,betmgm,1.9803921568627452,3.3,3.9,1x2,2026-06-11T19:45:03.321000+00:00,2.5,2.2,1.5714285714285714,,164.25,,,
26,2026-06-14,Ivory Coast,Ecuador,fanduel,3.6,2.8,2.45,1x2,2026-06-11T20:41:02.762000+00:00,,,,,74.32,,,
62,2026-06-17,Uzbekistan,Colombia,fanduel,9.5,4.7,1.3703703703703702,1x2,2026-06-11T20:41:02.762000+00:00,,,,,149.32,,,
25,2026-06-14,Germany,Curaçao,fanduel,1.05,18.0,41.0,1x2,2026-06-11T20:41:02.762000+00:00,,,,,68.32,,,
56,2026-06-16,Austria,Jordan,fanduel,1.3125,5.6,9.5,1x2,2026-06-11T20:41:02.762000+00:00,,,,,127.32,,,
13,2026-06-13,Brazil,Morocco,fanduel,1.6666666666666665,3.7,5.5,1x2,2026-06-11T20:41:02.762000+00:00,,,,,49.32,,,
19,2026-06-12,United States,Paraguay,fanduel,1.9523809523809523,3.4,4.1,1x2,2026-06-11T20:41:02.762000+00:00,,,,,28.32,,,
37,2026-06-15,Belgium,Egypt,fanduel,1.625,3.9,5.7,1x2,2026-06-11T20:41:02.762000+00:00,,,,,94.32,,,
8,2026-06-13,Qatar,Switzerland,fanduel,14.0,6.5,1.2,1x2,2026-06-11T20:41:02.762000+00:00,,,,,46.32,,,
14,2026-06-13,Haiti,Scotland,fanduel,5.9,4.2,1.5714285714285714,1x2,2026-06-11T20:41:02.762000+00:00,,,,,52.32,,,
67,2026-06-17,England,Croatia,fanduel,1.7142857142857144,3.7,5.0,1x2,2026-06-11T20:41:02.762000+00:00,,,,,143.32,,,
68,2026-06-17,Ghana,Panama,fanduel,2.15,3.4,3.5,1x2,2026-06-11T20:41:02.762000+00:00,,,,,146.32,,,
44,2026-06-15,Saudi Arabia,Uruguay,fanduel,7.5,4.4,1.4166666666666667,1x2,2026-06-11T20:41:02.762000+00:00,,,,,97.32,,,
55,2026-06-16,Argentina,Algeria,fanduel,1.3846153846153846,4.6,8.5,1x2,2026-06-11T20:41:02.762000+00:00,,,,,124.32,,,
31,2026-06-14,Netherlands,Japan,fanduel,2.0,3.5,3.7,1x2,2026-06-11T20:41:02.762000+00:00,,,,,71.32,,,
49,2026-06-16,France,Senegal,fanduel,1.4545454545454546,4.4,7.0,1x2,2026-06-11T20:41:02.762000+00:00,,,,,118.32,,,
21,2026-06-19,United States,Australia,fanduel,1.7142857142857144,3.8,4.9,1x2,2026-06-11T20:41:02.762000+00:00,,,,,190.32,,,
38,2026-06-15,Iran,New Zealand,fanduel,1.8333333333333335,3.4,4.7,1x2,2026-06-11T20:41:02.762000+00:00,,,,,100.32,,,
32,2026-06-14,Sweden,Tunisia,fanduel,1.9090909090909092,3.4,4.4,1x2,2026-06-11T20:41:02.762000+00:00,,,,,77.32,,,
7,2026-06-12,Canada,Bosnia & Herzegovina,fanduel,1.8,3.5,4.6,1x2,2026-06-11T20:41:02.762000+00:00,,,,,22.32,,,
20,2026-06-13,Australia,Turkey,fanduel,5.2,3.7,1.6896551724137931,1x2,2026-06-11T20:41:02.762000+00:00,,,,,55.32,,,
2,2026-06-11,South Korea,Czechia,fanduel,2.65,3.0,2.9,1x2,2026-06-11T20:41:02.762000+00:00,,,,,5.32,,,
61,2026-06-17,Portugal,DR Congo,fanduel,1.2857142857142856,5.6,11.0,1x2,2026-06-11T20:41:02.762000+00:00,,,,,140.32,,,
50,2026-06-16,Iraq,Norway,fanduel,14.0,7.0,1.1818181818181819,1x2,2026-06-11T20:41:02.762000+00:00,,,,,121.32,,,
64,2026-06-23,Colombia,DR Congo,fanduel,1.5,4.1,7.0,1x2,2026-06-11T20:41:02.762000+00:00,,,,,293.32,,,
9,2026-06-18,Switzerland,Bosnia & Herzegovina,fanduel,1.5555555555555556,4.0,6.0,1x2,2026-06-11T20:41:02.762000+00:00,,,,,166.32,,,
10,2026-06-18,Canada,Qatar,fanduel,1.303030303030303,5.4,10.5,1x2,2026-06-11T20:41:02.762000+00:00,,,,,169.32,,,
4,2026-06-18,Mexico,South Korea,fanduel,1.7142857142857144,3.7,5.4,1x2,2026-06-11T20:41:02.762000+00:00,,,,,172.32,,,
40,2026-06-21,New Zealand,Egypt,fanduel,5.2,3.6,1.7407407407407407,1x2,2026-06-11T20:41:02.762000+00:00,,,,,244.32,,,
57,2026-06-22,Argentina,Austria,fanduel,1.6451612903225805,3.9,5.6,1x2,2026-06-11T20:41:02.762000+00:00,,,,,260.32,,,
34,2026-06-20,Tunisia,Japan,fanduel,5.4,3.5,1.7142857142857144,1x2,2026-06-11T20:41:02.762000+00:00,,,,,223.32,,,
70,2026-06-23,Panama,Croatia,fanduel,6.5,4.1,1.526315789473684,1x2,2026-06-11T20:41:02.762000+00:00,,,,,290.32,,,
27,2026-06-20,Germany,Ivory Coast,fanduel,1.5405405405405406,4.2,6.0,1x2,2026-06-11T20:41:02.762000+00:00,,,,,215.32,,,
58,2026-06-22,Jordan,Algeria,fanduel,6.5,4.1,1.526315789473684,1x2,2026-06-11T20:41:02.762000+00:00,,,,,270.32,,,
52,2026-06-22,Norway,Senegal,fanduel,2.2,3.4,3.3,1x2,2026-06-11T20:41:02.762000+00:00,,,,,267.32,,,
28,2026-06-20,Ecuador,Curaçao,fanduel,1.2,7.0,12.0,1x2,2026-06-11T20:41:02.762000+00:00,,,,,219.32,,,
45,2026-06-21,Spain,Saudi Arabia,fanduel,1.1111111111111112,9.0,28.0,1x2,2026-06-11T20:41:02.762000+00:00,,,,,235.32,,,
33,2026-06-20,Netherlands,Sweden,fanduel,1.6451612903225805,4.0,5.1,1x2,2026-06-11T20:41:02.762000+00:00,,,,,212.32,,,
69,2026-06-23,England,Ghana,fanduel,1.303030303030303,5.7,9.0,1x2,2026-06-11T20:41:02.762000+00:00,,,,,287.32,,,
16,2026-06-19,Brazil,Haiti,fanduel,1.0666666666666667,14.0,26.0,1x2,2026-06-11T20:41:02.762000+00:00,,,,,195.82,,,
3,2026-06-18,Czechia,South Africa,fanduel,1.6896551724137931,3.7,5.4,1x2,2026-06-11T20:41:02.762000+00:00,,,,,163.32,,,
15,2026-06-19,Scotland,Morocco,fanduel,4.2,3.4,1.9090909090909092,1x2,2026-06-11T20:41:02.762000+00:00,,,,,193.32,,,
12,2026-06-24,Bosnia & Herzegovina,Qatar,fanduel,1.5882352941176472,4.0,5.8,1x2,2026-06-11T20:41:02.762000+00:00,,,,,310.32,,,
11,2026-06-24,Switzerland,Canada,fanduel,2.1,3.4,3.6,1x2,2026-06-11T20:41:02.762000+00:00,,,,,310.32,,,
17,2026-06-24,Scotland,Brazil,fanduel,7.0,4.6,1.4166666666666667,1x2,2026-06-11T20:41:02.762000+00:00,,,,,313.32,,,
23,2026-06-25,Turkey,United States,fanduel,2.7,3.5,2.5,1x2,2026-06-11T20:41:02.762000+00:00,,,,,341.32,,,
42,2026-06-26,New Zealand,Belgium,fanduel,11.0,5.6,1.2777777777777777,1x2,2026-06-11T20:41:02.762000+00:00,,,,,366.32,,,
71,2026-06-27,Panama,England,fanduel,10.0,6.0,1.2777777777777777,1x2,2026-06-11T20:41:02.762000+00:00,,,,,384.32,,,
59,2026-06-27,Algeria,Austria,fanduel,3.4,3.3,2.2,1x2,2026-06-11T20:41:02.762000+00:00,,,,,389.32,,,
30,2026-06-25,Ecuador,Germany,fanduel,5.1,3.9,1.6896551724137931,1x2,2026-06-11T20:41:02.762000+00:00,,,,,335.32,,,
29,2026-06-25,Curaçao,Ivory Coast,fanduel,14.0,6.0,1.2352941176470589,1x2,2026-06-11T20:41:02.762000+00:00,,,,,335.32,,,
6,2026-06-24,South Africa,South Korea,fanduel,4.6,3.5,1.8,1x2,2026-06-11T20:41:02.762000+00:00,,,,,316.32,,,
18,2026-06-24,Morocco,Haiti,fanduel,1.3333333333333333,5.1,10.0,1x2,2026-06-11T20:41:02.762000+00:00,,,,,313.32,,,
66,2026-06-27,DR Congo,Uzbekistan,fanduel,2.35,3.2,3.2,1x2,2026-06-11T20:41:02.762000+00:00,,,,,386.82,,,
54,2026-06-26,Senegal,Iraq,fanduel,1.4166666666666667,4.5,7.5,1x2,2026-06-11T20:41:02.762000+00:00,,,,,358.32,,,
39,2026-06-21,Belgium,Iran,fanduel,1.4,4.6,8.0,1x2,2026-06-11T20:41:02.762000+00:00,,,,,238.32,,,
51,2026-06-22,France,Iraq,fanduel,1.125,8.0,23.0,1x2,2026-06-11T20:41:02.762000+00:00,,,,,264.32,,,
63,2026-06-23,Portugal,Uzbekistan,fanduel,1.2564102564102564,6.0,11.0,1x2,2026-06-11T20:41:02.762000+00:00,,,,,284.32,,,
5,2026-06-24,Czechia,Mexico,fanduel,4.7,3.5,1.8,1x2,2026-06-11T20:41:02.762000+00:00,,,,,316.32,,,
35,2026-06-25,Japan,Sweden,fanduel,2.05,3.5,3.6,1x2,2026-06-11T20:41:02.762000+00:00,,,,,338.32,,,
36,2026-06-25,Tunisia,Netherlands,fanduel,6.5,4.2,1.5,1x2,2026-06-11T20:41:02.762000+00:00,,,,,338.32,,,
24,2026-06-25,Paraguay,Australia,fanduel,2.1,3.3,3.6,1x2,2026-06-11T20:41:02.762000+00:00,,,,,341.32,,,
53,2026-06-26,Norway,France,fanduel,4.5,3.7,1.8,1x2,2026-06-11T20:41:02.762000+00:00,,,,,358.32,,,
48,2026-06-26,Uruguay,Spain,fanduel,5.4,4.0,1.6451612903225805,1x2,2026-06-11T20:41:02.762000+00:00,,,,,363.32,,,
41,2026-06-26,Egypt,Iran,fanduel,2.25,3.1,3.5,1x2,2026-06-11T20:41:02.762000+00:00,,,,,366.32,,,
72,2026-06-27,Croatia,Ghana,fanduel,1.625,3.9,5.8,1x2,2026-06-11T20:41:02.762000+00:00,,,,,384.32,,,
65,2026-06-27,Colombia,Portugal,fanduel,3.5,3.4,2.1,1x2,2026-06-11T20:41:02.762000+00:00,,,,,386.82,,,
60,2026-06-27,Jordan,Argentina,fanduel,15.0,6.5,1.1818181818181819,1x2,2026-06-11T20:41:02.762000+00:00,,,,,389.32,,,
22,2026-06-19,Turkey,Paraguay,fanduel,2.25,3.2,3.4,1x2,2026-06-11T20:41:02.762000+00:00,,,,,198.32,,,
2,2026-06-11,South Korea,Czechia,draftkings,2.65,3.05,3.0,1x2,2026-06-11T20:41:03.054000+00:00,,,,,5.32,,,
7,2026-06-12,Canada,Bosnia & Herzegovina,draftkings,1.8695652173913042,3.55,4.5,1x2,2026-06-11T20:41:03.054000+00:00,,,,,22.32,,,
19,2026-06-12,United States,Paraguay,draftkings,1.9090909090909092,3.45,4.2,1x2,2026-06-11T20:41:03.054000+00:00,,,,,28.32,,,
8,2026-06-13,Qatar,Switzerland,draftkings,13.0,6.5,1.2352941176470589,1x2,2026-06-11T20:41:03.054000+00:00,,,,,46.32,,,
13,2026-06-13,Brazil,Morocco,draftkings,1.6896551724137931,3.75,5.5,1x2,2026-06-11T20:41:03.054000+00:00,,,,,49.32,,,
14,2026-06-13,Haiti,Scotland,draftkings,6.0,4.2,1.5714285714285714,1x2,2026-06-11T20:41:03.054000+00:00,,,,,52.32,,,
25,2026-06-14,Germany,Curaçao,draftkings,1.0333333333333334,16.0,29.0,1x2,2026-06-11T20:41:03.054000+00:00,,,,,68.32,,,
31,2026-06-14,Netherlands,Japan,draftkings,2.0,3.45,3.6,1x2,2026-06-11T20:41:03.054000+00:00,,,,,71.32,,,
26,2026-06-14,Ivory Coast,Ecuador,draftkings,3.6,2.85,2.45,1x2,2026-06-11T20:41:03.054000+00:00,,,,,74.32,,,
32,2026-06-14,Sweden,Tunisia,draftkings,1.9090909090909092,3.45,4.3,1x2,2026-06-11T20:41:03.054000+00:00,,,,,77.32,,,
37,2026-06-15,Belgium,Egypt,draftkings,1.6451612903225805,3.85,5.25,1x2,2026-06-11T20:41:03.054000+00:00,,,,,94.32,,,
44,2026-06-15,Saudi Arabia,Uruguay,draftkings,7.5,4.5,1.4545454545454546,1x2,2026-06-11T20:41:03.054000+00:00,,,,,97.32,,,
38,2026-06-15,Iran,New Zealand,draftkings,1.8333333333333335,3.5,4.7,1x2,2026-06-11T20:41:03.054000+00:00,,,,,100.32,,,
56,2026-06-16,Austria,Jordan,draftkings,1.3225806451612903,5.5,9.5,1x2,2026-06-11T20:41:03.054000+00:00,,,,,127.32,,,
49,2026-06-16,France,Senegal,draftkings,1.4761904761904763,4.4,7.0,1x2,2026-06-11T20:41:03.054000+00:00,,,,,118.32,,,
50,2026-06-16,Iraq,Norway,draftkings,14.0,7.0,1.2105263157894737,1x2,2026-06-11T20:41:03.054000+00:00,,,,,121.32,,,
55,2026-06-16,Argentina,Algeria,draftkings,1.4081632653061225,4.6,9.0,1x2,2026-06-11T20:41:03.054000+00:00,,,,,124.32,,,
61,2026-06-17,Portugal,DR Congo,draftkings,1.2857142857142856,5.75,11.0,1x2,2026-06-11T20:41:03.054000+00:00,,,,,140.32,,,
67,2026-06-17,England,Croatia,draftkings,1.7142857142857144,3.85,4.8,1x2,2026-06-11T20:41:03.054000+00:00,,,,,143.32,,,
68,2026-06-17,Ghana,Panama,draftkings,2.1,3.45,3.6,1x2,2026-06-11T20:41:03.054000+00:00,,,,,146.32,,,
62,2026-06-17,Uzbekistan,Colombia,draftkings,8.5,4.7,1.4,1x2,2026-06-11T20:41:03.054000+00:00,,,,,149.32,,,
3,2026-06-18,Czechia,South Africa,draftkings,1.6896551724137931,3.75,5.25,1x2,2026-06-11T20:41:03.054000+00:00,,,,,163.32,,,
9,2026-06-18,Switzerland,Bosnia & Herzegovina,draftkings,1.625,4.1,5.5,1x2,2026-06-11T20:41:03.054000+00:00,,,,,166.32,,,
10,2026-06-18,Canada,Qatar,draftkings,1.3125,5.25,11.0,1x2,2026-06-11T20:41:03.054000+00:00,,,,,169.32,,,
15,2026-06-19,Scotland,Morocco,draftkings,4.2,3.3,2.0,1x2,2026-06-11T20:41:03.054000+00:00,,,,,193.32,,,
16,2026-06-19,Brazil,Haiti,draftkings,1.0833333333333333,13.0,26.0,1x2,2026-06-11T20:41:03.054000+00:00,,,,,195.82,,,
27,2026-06-20,Germany,Ivory Coast,draftkings,1.5555555555555556,4.4,5.75,1x2,2026-06-11T20:41:03.054000+00:00,,,,,215.32,,,
28,2026-06-20,Ecuador,Curaçao,draftkings,1.2,7.5,13.0,1x2,2026-06-11T20:41:03.054000+00:00,,,,,219.32,,,
39,2026-06-21,Belgium,Iran,draftkings,1.4081632653061225,4.8,8.0,1x2,2026-06-11T20:41:03.054000+00:00,,,,,238.32,,,
52,2026-06-22,Norway,Senegal,draftkings,2.15,3.6,3.4,1x2,2026-06-11T20:41:03.054000+00:00,,,,,267.32,,,
58,2026-06-22,Jordan,Algeria,draftkings,6.5,4.3,1.526315789473684,1x2,2026-06-11T20:41:03.054000+00:00,,,,,270.32,,,
69,2026-06-23,England,Ghana,draftkings,1.3125,5.5,10.0,1x2,2026-06-11T20:41:03.054000+00:00,,,,,287.32,,,
64,2026-06-23,Colombia,DR Congo,draftkings,1.4545454545454546,4.4,8.0,1x2,2026-06-11T20:41:03.054000+00:00,,,,,293.32,,,
12,2026-06-24,Bosnia & Herzegovina,Qatar,draftkings,1.625,3.9,6.0,1x2,2026-06-11T20:41:03.054000+00:00,,,,,310.32,,,
11,2026-06-24,Switzerland,Canada,draftkings,2.15,3.45,3.5,1x2,2026-06-11T20:41:03.054000+00:00,,,,,310.32,,,
17,2026-06-24,Scotland,Brazil,draftkings,6.0,5.0,1.4651162790697674,1x2,2026-06-11T20:41:03.054000+00:00,,,,,313.32,,,
18,2026-06-24,Morocco,Haiti,draftkings,1.3508771929824561,5.25,9.5,1x2,2026-06-11T20:41:03.054000+00:00,,,,,313.32,,,
6,2026-06-24,South Africa,South Korea,draftkings,5.25,3.85,1.6896551724137931,1x2,2026-06-11T20:41:03.054000+00:00,,,,,316.32,,,
29,2026-06-25,Curaçao,Ivory Coast,draftkings,13.0,7.0,1.2222222222222223,1x2,2026-06-11T20:41:03.054000+00:00,,,,,335.32,,,
30,2026-06-25,Ecuador,Germany,draftkings,4.8,3.9,1.7407407407407407,1x2,2026-06-11T20:41:03.054000+00:00,,,,,335.32,,,
54,2026-06-26,Senegal,Iraq,draftkings,1.425531914893617,4.7,8.0,1x2,2026-06-11T20:41:03.054000+00:00,,,,,358.32,,,
42,2026-06-26,New Zealand,Belgium,draftkings,10.0,6.0,1.2941176470588236,1x2,2026-06-11T20:41:03.054000+00:00,,,,,366.32,,,
71,2026-06-27,Panama,England,draftkings,8.5,6.5,1.2941176470588236,1x2,2026-06-11T20:41:03.054000+00:00,,,,,384.32,,,
66,2026-06-27,DR Congo,Uzbekistan,draftkings,2.35,3.35,3.15,1x2,2026-06-11T20:41:03.054000+00:00,,,,,386.82,,,
59,2026-06-27,Algeria,Austria,draftkings,3.75,3.2,2.15,1x2,2026-06-11T20:41:03.054000+00:00,,,,,389.32,,,
4,2026-06-18,Mexico,South Korea,draftkings,1.8,3.65,4.7,1x2,2026-06-11T20:41:03.054000+00:00,,,,,172.32,,,
21,2026-06-19,United States,Australia,draftkings,1.7692307692307692,3.95,4.5,1x2,2026-06-11T20:41:03.054000+00:00,,,,,190.32,,,
33,2026-06-20,Netherlands,Sweden,draftkings,1.6451612903225805,4.2,5.25,1x2,2026-06-11T20:41:03.054000+00:00,,,,,212.32,,,
34,2026-06-20,Tunisia,Japan,draftkings,5.25,3.7,1.7142857142857144,1x2,2026-06-11T20:41:03.054000+00:00,,,,,223.32,,,
45,2026-06-21,Spain,Saudi Arabia,draftkings,1.1,11.0,23.0,1x2,2026-06-11T20:41:03.054000+00:00,,,,,235.32,,,
40,2026-06-21,New Zealand,Egypt,draftkings,4.7,3.85,1.7692307692307692,1x2,2026-06-11T20:41:03.054000+00:00,,,,,244.32,,,
57,2026-06-22,Argentina,Austria,draftkings,1.6451612903225805,3.9,5.75,1x2,2026-06-11T20:41:03.054000+00:00,,,,,260.32,,,
51,2026-06-22,France,Iraq,draftkings,1.125,9.0,26.0,1x2,2026-06-11T20:41:03.054000+00:00,,,,,264.32,,,
63,2026-06-23,Portugal,Uzbekistan,draftkings,1.2352941176470589,6.5,12.0,1x2,2026-06-11T20:41:03.054000+00:00,,,,,284.32,,,
70,2026-06-23,Panama,Croatia,draftkings,6.5,4.0,1.5555555555555556,1x2,2026-06-11T20:41:03.054000+00:00,,,,,290.32,,,
5,2026-06-24,Czechia,Mexico,draftkings,4.7,3.65,1.8,1x2,2026-06-11T20:41:03.054000+00:00,,,,,316.32,,,
35,2026-06-25,Japan,Sweden,draftkings,2.1,3.45,3.55,1x2,2026-06-11T20:41:03.054000+00:00,,,,,338.32,,,
36,2026-06-25,Tunisia,Netherlands,draftkings,6.5,4.4,1.5,1x2,2026-06-11T20:41:03.054000+00:00,,,,,338.32,,,
24,2026-06-25,Paraguay,Australia,draftkings,2.15,3.3,3.6,1x2,2026-06-11T20:41:03.054000+00:00,,,,,341.32,,,
53,2026-06-26,Norway,France,draftkings,4.3,3.65,1.8695652173913042,1x2,2026-06-11T20:41:03.054000+00:00,,,,,358.32,,,
48,2026-06-26,Uruguay,Spain,draftkings,5.5,4.0,1.6451612903225805,1x2,2026-06-11T20:41:03.054000+00:00,,,,,363.32,,,
41,2026-06-26,Egypt,Iran,draftkings,2.3,3.05,3.65,1x2,2026-06-11T20:41:03.054000+00:00,,,,,366.32,,,
72,2026-06-27,Croatia,Ghana,draftkings,1.6666666666666665,3.85,5.5,1x2,2026-06-11T20:41:03.054000+00:00,,,,,384.32,,,
65,2026-06-27,Colombia,Portugal,draftkings,3.5,3.35,2.2,1x2,2026-06-11T20:41:03.054000+00:00,,,,,386.82,,,
60,2026-06-27,Jordan,Argentina,draftkings,15.0,7.5,1.1904761904761905,1x2,2026-06-11T20:41:03.054000+00:00,,,,,389.32,,,
20,2026-06-13,Australia,Turkey,draftkings,5.25,3.85,1.6896551724137931,1x2,2026-06-11T20:41:03.054000+00:00,,,,,55.32,,,
22,2026-06-19,Turkey,Paraguay,draftkings,2.25,3.2,3.45,1x2,2026-06-11T20:41:03.054000+00:00,,,,,198.32,,,
23,2026-06-25,Turkey,United States,draftkings,2.7,3.55,2.55,1x2,2026-06-11T20:41:03.054000+00:00,,,,,341.32,,,
2,2026-06-11,South Korea,Czechia,caesars,2.5700000000000003,2.98,2.9,1x2,2026-06-11T20:41:03.276000+00:00,,,,,5.32,,,
7,2026-06-12,Canada,Bosnia & Herzegovina,caesars,1.7874015748031495,3.45,4.3,1x2,2026-06-11T20:41:03.276000+00:00,,,,,22.32,,,
19,2026-06-12,United States,Paraguay,caesars,1.8849557522123894,3.35,4.05,1x2,2026-06-11T20:41:03.276000+00:00,,,,,28.32,,,
8,2026-06-13,Qatar,Switzerland,caesars,13.0,6.25,1.2083333333333333,1x2,2026-06-11T20:41:03.276000+00:00,,,,,46.32,,,
13,2026-06-13,Brazil,Morocco,caesars,1.6369426751592355,3.7,5.25,1x2,2026-06-11T20:41:03.276000+00:00,,,,,49.32,,,
14,2026-06-13,Haiti,Scotland,caesars,5.5,4.05,1.526315789473684,1x2,2026-06-11T20:41:03.276000+00:00,,,,,52.32,,,
25,2026-06-14,Germany,Curaçao,caesars,1.0285714285714285,16.0,34.0,1x2,2026-06-11T20:41:03.276000+00:00,,,,,68.32,,,
31,2026-06-14,Netherlands,Japan,caesars,1.9803921568627452,3.5,3.6,1x2,2026-06-11T20:41:03.276000+00:00,,,,,71.32,,,
26,2026-06-14,Ivory Coast,Ecuador,caesars,3.45,2.8200000000000003,2.35,1x2,2026-06-11T20:41:03.276000+00:00,,,,,74.32,,,
32,2026-06-14,Sweden,Tunisia,caesars,1.8547008547008548,3.35,4.25,1x2,2026-06-11T20:41:03.276000+00:00,,,,,77.32,,,
37,2026-06-15,Belgium,Egypt,caesars,1.617283950617284,3.75,5.25,1x2,2026-06-11T20:41:03.276000+00:00,,,,,94.32,,,
44,2026-06-15,Saudi Arabia,Uruguay,caesars,7.25,4.3,1.425531914893617,1x2,2026-06-11T20:41:03.276000+00:00,,,,,97.32,,,
38,2026-06-15,Iran,New Zealand,caesars,1.8,3.35,4.5,1x2,2026-06-11T20:41:03.276000+00:00,,,,,100.32,,,
49,2026-06-16,France,Senegal,caesars,1.4587155963302751,4.3,6.75,1x2,2026-06-11T20:41:03.276000+00:00,,,,,118.32,,,
50,2026-06-16,Iraq,Norway,caesars,12.0,6.5,1.2083333333333333,1x2,2026-06-11T20:41:03.276000+00:00,,,,,121.32,,,
55,2026-06-16,Argentina,Algeria,caesars,1.3846153846153846,4.4,8.0,1x2,2026-06-11T20:41:03.276000+00:00,,,,,124.32,,,
56,2026-06-16,Austria,Jordan,caesars,1.3125,5.25,8.5,1x2,2026-06-11T20:41:03.276000+00:00,,,,,127.32,,,
61,2026-06-17,Portugal,DR Congo,caesars,1.2564102564102564,5.5,10.5,1x2,2026-06-11T20:41:03.276000+00:00,,,,,140.32,,,
67,2026-06-17,England,Croatia,caesars,1.6993006993006992,3.65,4.7,1x2,2026-06-11T20:41:03.276000+00:00,,,,,143.32,,,
68,2026-06-17,Ghana,Panama,caesars,2.0700000000000003,3.35,3.5,1x2,2026-06-11T20:41:03.276000+00:00,,,,,146.32,,,
62,2026-06-17,Uzbekistan,Colombia,caesars,8.5,4.5,1.3846153846153846,1x2,2026-06-11T20:41:03.276000+00:00,,,,,149.32,,,
20,2026-06-13,Australia,Turkey,caesars,5.0,3.65,1.6578947368421053,1x2,2026-06-11T20:41:03.276000+00:00,,,,,55.32,,,
2,2026-06-11,South Korea,Czechia,fanatics,2.6,3.05,2.9,1x2,2026-06-11T20:41:03.466000+00:00,,,,,5.32,,,
7,2026-06-12,Canada,Bosnia & Herzegovina,fanatics,1.7692307692307692,3.65,4.7,1x2,2026-06-11T20:41:03.466000+00:00,,,,,22.32,,,
19,2026-06-12,United States,Paraguay,fanatics,1.8695652173913042,3.5,4.3,1x2,2026-06-11T20:41:03.466000+00:00,,,,,28.32,,,
8,2026-06-13,Qatar,Switzerland,fanatics,15.0,6.95,1.1724137931034484,1x2,2026-06-11T20:41:03.466000+00:00,,,,,46.32,,,
13,2026-06-13,Brazil,Morocco,fanatics,1.606060606060606,3.95,5.8,1x2,2026-06-11T20:41:03.466000+00:00,,,,,49.32,,,
14,2026-06-13,Haiti,Scotland,fanatics,6.0,4.3,1.5,1x2,2026-06-11T20:41:03.466000+00:00,,,,,52.32,,,
20,2026-06-13,Australia,Turkey,fanatics,5.55,3.95,1.625,1x2,2026-06-11T20:41:03.466000+00:00,,,,,55.32,,,
25,2026-06-14,Germany,Curaçao,fanatics,1.018181818181818,19.0,101.0,1x2,2026-06-11T20:41:03.466000+00:00,,,,,68.32,,,
31,2026-06-14,Netherlands,Japan,fanatics,1.9090909090909092,3.65,3.75,1x2,2026-06-11T20:41:03.466000+00:00,,,,,71.32,,,
26,2026-06-14,Ivory Coast,Ecuador,fanatics,3.65,2.85,2.3,1x2,2026-06-11T20:41:03.466000+00:00,,,,,74.32,,,
32,2026-06-14,Sweden,Tunisia,fanatics,1.8333333333333335,3.5,4.5,1x2,2026-06-11T20:41:03.466000+00:00,,,,,77.32,,,
37,2026-06-15,Belgium,Egypt,fanatics,1.606060606060606,3.95,5.8,1x2,2026-06-11T20:41:03.466000+00:00,,,,,94.32,,,
44,2026-06-15,Saudi Arabia,Uruguay,fanatics,8.1,4.7,1.3773584905660377,1x2,2026-06-11T20:41:03.466000+00:00,,,,,97.32,,,
38,2026-06-15,Iran,New Zealand,fanatics,1.8,3.5,4.7,1x2,2026-06-11T20:41:03.466000+00:00,,,,,100.32,,,
49,2026-06-16,France,Senegal,fanatics,1.4444444444444444,4.3,7.0,1x2,2026-06-11T20:41:03.466000+00:00,,,,,118.32,,,
50,2026-06-16,Iraq,Norway,fanatics,16.0,7.5,1.1538461538461537,1x2,2026-06-11T20:41:03.466000+00:00,,,,,121.32,,,
55,2026-06-16,Argentina,Algeria,fanatics,1.3278688524590163,4.7,9.9,1x2,2026-06-11T20:41:03.466000+00:00,,,,,124.32,,,
56,2026-06-16,Austria,Jordan,fanatics,1.2666666666666666,5.55,9.9,1x2,2026-06-11T20:41:03.466000+00:00,,,,,127.32,,,
61,2026-06-17,Portugal,DR Congo,fanatics,1.2531645569620253,5.8,12.0,1x2,2026-06-11T20:41:03.466000+00:00,,,,,140.32,,,
67,2026-06-17,England,Croatia,fanatics,1.7407407407407407,3.6,4.75,1x2,2026-06-11T20:41:03.466000+00:00,,,,,143.32,,,
68,2026-06-17,Ghana,Panama,fanatics,1.9523809523809523,3.4,3.5,1x2,2026-06-11T20:41:03.466000+00:00,,,,,146.32,,,
62,2026-06-17,Uzbekistan,Colombia,fanatics,9.9,5.0,1.3278688524590163,1x2,2026-06-11T20:41:03.466000+00:00,,,,,149.32,,,
3,2026-06-18,Czechia,South Africa,fanatics,1.8,3.55,4.75,1x2,2026-06-11T20:41:03.466000+00:00,,,,,163.32,,,
2,2026-06-11,South Korea,Czechia,betmgm,2.6,2.95,2.88,1x2,2026-06-11T20:41:03.689000+00:00,2.5,2.35,1.625,,5.32,,,
7,2026-06-12,Canada,Bosnia & Herzegovina,betmgm,1.8,3.5,4.4,1x2,2026-06-11T20:41:03.689000+00:00,2.5,2.25,1.6896551724137931,,22.32,,,
19,2026-06-12,United States,Paraguay,betmgm,1.9090909090909092,3.4,4.2,1x2,2026-06-11T20:41:03.689000+00:00,2.5,2.35,1.625,,28.32,,,
8,2026-06-13,Qatar,Switzerland,betmgm,13.0,6.25,1.2222222222222223,1x2,2026-06-11T20:41:03.689000+00:00,2.5,1.7142857142857144,2.2,,46.32,,,
13,2026-06-13,Brazil,Morocco,betmgm,1.625,3.8,5.25,1x2,2026-06-11T20:41:03.689000+00:00,2.5,2.05,1.8333333333333335,,49.32,,,
14,2026-06-13,Haiti,Scotland,betmgm,5.5,4.1,1.5714285714285714,1x2,2026-06-11T20:41:03.689000+00:00,2.5,1.9090909090909092,1.9523809523809523,,52.32,,,
25,2026-06-14,Germany,Curaçao,betmgm,1.05,15.0,41.0,1x2,2026-06-11T20:41:03.689000+00:00,4.5,2.1,1.7407407407407407,,68.32,,,
31,2026-06-14,Netherlands,Japan,betmgm,2.0,3.5,3.5,1x2,2026-06-11T20:41:03.689000+00:00,2.5,1.9523809523809523,1.9090909090909092,,71.32,,,
26,2026-06-14,Ivory Coast,Ecuador,betmgm,3.4,2.85,2.35,1x2,2026-06-11T20:41:03.689000+00:00,1.5,1.606060606060606,2.38,,74.32,,,
32,2026-06-14,Sweden,Tunisia,betmgm,1.8695652173913042,3.3,4.2,1x2,2026-06-11T20:41:03.689000+00:00,2.5,2.3,1.6451612903225805,,77.32,,,
37,2026-06-15,Belgium,Egypt,betmgm,1.6666666666666665,3.75,5.0,1x2,2026-06-11T20:41:03.689000+00:00,2.5,2.0,1.847457627118644,,94.32,,,
44,2026-06-15,Saudi Arabia,Uruguay,betmgm,7.25,4.33,1.4444444444444444,1x2,2026-06-11T20:41:03.689000+00:00,2.5,1.9803921568627452,1.847457627118644,,97.32,,,
38,2026-06-15,Iran,New Zealand,betmgm,1.847457627118644,3.4,4.33,1x2,2026-06-11T20:41:03.689000+00:00,2.5,2.35,1.625,,100.32,,,
49,2026-06-16,France,Senegal,betmgm,1.4545454545454546,4.33,7.0,1x2,2026-06-11T20:41:03.689000+00:00,2.5,1.9523809523809523,1.9090909090909092,,118.32,,,
50,2026-06-16,Iraq,Norway,betmgm,12.5,7.0,1.2105263157894737,1x2,2026-06-11T20:41:03.689000+00:00,2.5,1.606060606060606,2.4,,121.32,,,
55,2026-06-16,Argentina,Algeria,betmgm,1.4,4.5,7.75,1x2,2026-06-11T20:41:03.689000+00:00,2.5,1.9523809523809523,1.9090909090909092,,124.32,,,
56,2026-06-16,Austria,Jordan,betmgm,1.3333333333333333,5.25,8.5,1x2,2026-06-11T20:41:03.689000+00:00,2.5,1.6451612903225805,2.3,,127.32,,,
61,2026-06-17,Portugal,DR Congo,betmgm,1.2857142857142856,5.75,9.75,1x2,2026-06-11T20:41:03.689000+00:00,2.5,1.6896551724137931,2.2,,140.32,,,
67,2026-06-17,England,Croatia,betmgm,1.7142857142857144,3.7,4.8,1x2,2026-06-11T20:41:03.689000+00:00,2.5,2.05,1.8,,143.32,,,
68,2026-06-17,Ghana,Panama,betmgm,2.05,3.3,3.6,1x2,2026-06-11T20:41:03.689000+00:00,2.5,2.3,1.6666666666666665,,146.32,,,
62,2026-06-17,Uzbekistan,Colombia,betmgm,7.75,4.6,1.4,1x2,2026-06-11T20:41:03.689000+00:00,2.5,1.9803921568627452,1.8695652173913042,,149.32,,,
9,2026-06-18,Switzerland,Bosnia & Herzegovina,betmgm,1.5405405405405406,3.6,5.0,1x2,2026-06-11T20:41:03.689000+00:00,2.5,1.9803921568627452,1.7407407407407407,,166.32,,,
10,2026-06-18,Canada,Qatar,betmgm,1.2857142857142856,4.75,8.75,1x2,2026-06-11T20:41:03.689000+00:00,2.5,1.9090909090909092,1.8,,169.32,,,
4,2026-06-18,Mexico,South Korea,betmgm,1.7407407407407407,3.25,4.1,1x2,2026-06-11T20:41:03.689000+00:00,2.5,2.15,1.625,,172.32,,,
21,2026-06-19,United States,Australia,betmgm,1.6896551724137931,3.3,4.2,1x2,2026-06-11T20:41:03.689000+00:00,2.5,2.0,1.7142857142857144,,190.32,,,
15,2026-06-19,Scotland,Morocco,betmgm,3.6,3.1,1.9090909090909092,1x2,2026-06-11T20:41:03.689000+00:00,2.5,2.25,1.5714285714285714,,193.32,,,
16,2026-06-19,Brazil,Haiti,betmgm,1.0714285714285714,10.0,19.5,1x2,2026-06-11T20:41:03.689000+00:00,3.5,1.7142857142857144,2.0,,195.82,,,
33,2026-06-20,Netherlands,Sweden,betmgm,1.606060606060606,3.6,4.5,1x2,2026-06-11T20:41:03.689000+00:00,2.5,1.8695652173913042,1.8333333333333335,,212.32,,,
27,2026-06-20,Germany,Ivory Coast,betmgm,1.5,3.9,5.0,1x2,2026-06-11T20:41:03.689000+00:00,2.5,1.7407407407407407,1.9803921568627452,,215.32,,,
28,2026-06-20,Ecuador,Curaçao,betmgm,1.1904761904761905,5.75,11.0,1x2,2026-06-11T20:41:03.689000+00:00,2.5,1.6666666666666665,2.1,,219.32,,,
34,2026-06-20,Tunisia,Japan,betmgm,4.5,3.3,1.6896551724137931,1x2,2026-06-11T20:41:03.689000+00:00,2.5,2.2,1.606060606060606,,223.32,,,
45,2026-06-21,Spain,Saudi Arabia,betmgm,1.1,8.25,15.5,1x2,2026-06-11T20:41:03.689000+00:00,3.5,2.2,1.606060606060606,,235.32,,,
39,2026-06-21,Belgium,Iran,betmgm,1.3636363636363638,4.1,6.75,1x2,2026-06-11T20:41:03.689000+00:00,2.5,1.8333333333333335,1.8695652173913042,,238.32,,,
40,2026-06-21,New Zealand,Egypt,betmgm,4.4,3.3,1.6896551724137931,1x2,2026-06-11T20:41:03.689000+00:00,2.5,2.15,1.625,,244.32,,,
57,2026-06-22,Argentina,Austria,betmgm,1.5714285714285714,3.5,4.8,1x2,2026-06-11T20:41:03.689000+00:00,2.5,1.9090909090909092,1.7692307692307692,,260.32,,,
51,2026-06-22,France,Iraq,betmgm,1.1,8.0,16.5,1x2,2026-06-11T20:41:03.689000+00:00,3.5,2.2,1.606060606060606,,264.32,,,
52,2026-06-22,Norway,Senegal,betmgm,2.0,3.2,3.2,1x2,2026-06-11T20:41:03.689000+00:00,2.5,1.9090909090909092,1.7692307692307692,,267.32,,,
58,2026-06-22,Jordan,Algeria,betmgm,5.75,3.8,1.4761904761904763,1x2,2026-06-11T20:41:03.689000+00:00,2.5,1.8695652173913042,1.8333333333333335,,270.32,,,
63,2026-06-23,Portugal,Uzbekistan,betmgm,1.2222222222222223,5.5,8.75,1x2,2026-06-11T20:41:03.689000+00:00,3.5,2.3,1.526315789473684,,284.32,,,
69,2026-06-23,England,Ghana,betmgm,1.2857142857142856,4.8,8.0,1x2,2026-06-11T20:41:03.689000+00:00,2.5,1.6666666666666665,2.1,,287.32,,,
70,2026-06-23,Panama,Croatia,betmgm,6.0,3.6,1.5,1x2,2026-06-11T20:41:03.689000+00:00,2.5,1.9523809523809523,1.7407407407407407,,290.32,,,
64,2026-06-23,Colombia,DR Congo,betmgm,1.4444444444444444,3.75,6.25,1x2,2026-06-11T20:41:03.689000+00:00,2.5,2.15,1.625,,293.32,,,
12,2026-06-24,Bosnia & Herzegovina,Qatar,betmgm,1.5405405405405406,3.6,5.0,1x2,2026-06-11T20:41:03.689000+00:00,2.5,1.9803921568627452,1.7407407407407407,,310.32,,,
11,2026-06-24,Switzerland,Canada,betmgm,2.0,3.1,3.25,1x2,2026-06-11T20:41:03.689000+00:00,2.5,2.05,1.6896551724137931,,310.32,,,
20,2026-06-13,Australia,Turkey,betmgm,4.8,3.7,1.7142857142857144,1x2,2026-06-11T20:41:03.689000+00:00,2.5,2.05,1.8333333333333335,,55.32,,,
22,2026-06-19,Turkey,Paraguay,betmgm,2.1,3.0,3.1,1x2,2026-06-11T20:41:03.689000+00:00,2.5,2.25,1.5714285714285714,,198.32,,,
18,2026-06-24,Morocco,Haiti,betmgm,1.2857142857142856,4.6,8.5,1x2,2026-06-11T20:41:03.689000+00:00,2.5,1.6896551724137931,2.05,,313.32,,,
2,2026-06-11,South Korea,Czechia,betrivers,2.65,3.0,2.95,1x2,2026-06-11T20:41:03.941000+00:00,2.5,2.23,1.6289308176100628,,5.32,,,
7,2026-06-12,Canada,Bosnia & Herzegovina,betrivers,1.8064516129032258,3.5,4.75,1x2,2026-06-11T20:41:03.941000+00:00,2.5,2.1,1.7092198581560285,,22.32,,,
19,2026-06-12,United States,Paraguay,betrivers,1.9090909090909092,3.35,4.35,1x2,2026-06-11T20:41:03.941000+00:00,2.5,2.17,1.6578947368421053,,28.32,,,
8,2026-06-13,Qatar,Switzerland,betrivers,16.0,7.0,1.1785714285714286,1x2,2026-06-11T20:41:03.941000+00:00,2.5,1.5988023952095807,2.3,,46.32,,,
13,2026-06-13,Brazil,Morocco,betrivers,1.6666666666666665,3.7,5.5,1x2,2026-06-11T20:41:03.941000+00:00,2.5,1.9615384615384617,1.8,,49.32,,,
14,2026-06-13,Haiti,Scotland,betrivers,6.0,4.25,1.5494505494505495,1x2,2026-06-11T20:41:03.941000+00:00,2.5,1.819672131147541,1.9345794392523366,,52.32,,,
25,2026-06-14,Germany,Curaçao,betrivers,1.04,17.0,36.0,1x2,2026-06-11T20:41:03.941000+00:00,4.5,2.1799999999999997,1.6578947368421053,,68.32,,,
31,2026-06-14,Netherlands,Japan,betrivers,2.04,3.45,3.65,1x2,2026-06-11T20:41:03.941000+00:00,2.5,1.925925925925926,1.8264462809917354,,71.32,,,
26,2026-06-14,Ivory Coast,Ecuador,betrivers,3.6,2.8,2.4,1x2,2026-06-11T20:41:03.941000+00:00,1.5,1.5494505494505495,2.38,,74.32,,,
32,2026-06-14,Sweden,Tunisia,betrivers,1.8849557522123894,3.4,4.4,1x2,2026-06-11T20:41:03.941000+00:00,2.5,2.25,1.617283950617284,,77.32,,,
37,2026-06-15,Belgium,Egypt,betrivers,1.5714285714285714,4.0,6.0,1x2,2026-06-11T20:41:03.941000+00:00,2.5,1.9174311926605505,1.8333333333333335,,94.32,,,
44,2026-06-15,Saudi Arabia,Uruguay,betrivers,8.5,4.6,1.4081632653061225,1x2,2026-06-11T20:41:03.941000+00:00,2.5,1.8849557522123894,1.8695652173913042,,97.32,,,
38,2026-06-15,Iran,New Zealand,betrivers,1.847457627118644,3.45,4.5,1x2,2026-06-11T20:41:03.941000+00:00,2.5,2.2,1.6369426751592355,,100.32,,,
49,2026-06-16,France,Senegal,betrivers,1.4545454545454546,4.35,7.5,1x2,2026-06-11T20:41:03.941000+00:00,2.5,1.8849557522123894,1.8695652173913042,,118.32,,,
50,2026-06-16,Iraq,Norway,betrivers,15.0,7.0,1.1886792452830188,1x2,2026-06-11T20:41:03.941000+00:00,3.5,2.3200000000000003,1.5714285714285714,,121.32,,,
55,2026-06-16,Argentina,Algeria,betrivers,1.3278688524590163,5.0,10.0,1x2,2026-06-11T20:41:03.941000+00:00,2.5,1.8547008547008548,1.8928571428571428,,124.32,,,
56,2026-06-16,Austria,Jordan,betrivers,1.2985074626865671,5.6,10.0,1x2,2026-06-11T20:41:03.941000+00:00,2.5,1.5988023952095807,2.3,,127.32,,,
61,2026-06-17,Portugal,DR Congo,betrivers,1.2777777777777777,5.6,11.0,1x2,2026-06-11T20:41:03.941000+00:00,2.5,1.6756756756756757,2.1399999999999997,,140.32,,,
67,2026-06-17,England,Croatia,betrivers,1.7092198581560285,3.75,5.0,1x2,2026-06-11T20:41:03.941000+00:00,2.5,2.0,1.7692307692307692,,143.32,,,
68,2026-06-17,Ghana,Panama,betrivers,2.15,3.4,3.45,1x2,2026-06-11T20:41:03.941000+00:00,2.5,2.2,1.6369426751592355,,146.32,,,
62,2026-06-17,Uzbekistan,Colombia,betrivers,8.5,4.6,1.4,1x2,2026-06-11T20:41:03.941000+00:00,2.5,1.9345794392523366,1.819672131147541,,149.32,,,
3,2026-06-18,Czechia,South Africa,betrivers,1.7194244604316546,3.65,5.1,1x2,2026-06-11T20:41:03.941000+00:00,2.5,2.12,1.6756756756756757,,163.32,,,
9,2026-06-18,Switzerland,Bosnia & Herzegovina,betrivers,1.5714285714285714,3.9,6.1,1x2,2026-06-11T20:41:03.941000+00:00,2.5,1.970873786407767,1.7751937984496124,,166.32,,,
10,2026-06-18,Canada,Qatar,betrivers,1.2985074626865671,5.1,11.5,1x2,2026-06-11T20:41:03.941000+00:00,2.5,1.8695652173913042,1.8849557522123894,,169.32,,,
4,2026-06-18,Mexico,South Korea,betrivers,1.8064516129032258,3.45,4.75,1x2,2026-06-11T20:41:03.941000+00:00,2.5,2.17,1.6578947368421053,,172.32,,,
21,2026-06-19,United States,Australia,betrivers,1.7874015748031495,3.7,4.5,1x2,2026-06-11T20:41:03.941000+00:00,2.5,2.04,1.7352941176470589,,190.32,,,
15,2026-06-19,Scotland,Morocco,betrivers,4.1,3.3,1.970873786407767,1x2,2026-06-11T20:41:03.941000+00:00,2.5,2.2800000000000002,1.606060606060606,,193.32,,,
16,2026-06-19,Brazil,Haiti,betrivers,1.08,11.5,31.0,1x2,2026-06-11T20:41:03.941000+00:00,3.5,1.8,1.9615384615384617,,195.82,,,
33,2026-06-20,Netherlands,Sweden,betrivers,1.6451612903225805,3.95,5.3,1x2,2026-06-11T20:41:03.941000+00:00,2.5,1.8849557522123894,1.8695652173913042,,212.32,,,
27,2026-06-20,Germany,Ivory Coast,betrivers,1.526315789473684,4.25,6.25,1x2,2026-06-11T20:41:03.941000+00:00,2.5,1.7874015748031495,1.970873786407767,,215.32,,,
28,2026-06-20,Ecuador,Curaçao,betrivers,1.2083333333333333,6.4,15.0,1x2,2026-06-11T20:41:03.941000+00:00,2.5,1.6369426751592355,2.2,,219.32,,,
34,2026-06-20,Tunisia,Japan,betrivers,5.1,3.6,1.7352941176470589,1x2,2026-06-11T20:41:03.941000+00:00,2.5,2.16,1.6578947368421053,,223.32,,,
45,2026-06-21,Spain,Saudi Arabia,betrivers,1.10989010989011,9.5,26.0,1x2,2026-06-11T20:41:03.941000+00:00,3.5,2.17,1.6578947368421053,,235.32,,,
39,2026-06-21,Belgium,Iran,betrivers,1.4,4.7,8.5,1x2,2026-06-11T20:41:03.941000+00:00,2.5,1.8771929824561404,1.8771929824561404,,238.32,,,
40,2026-06-21,New Zealand,Egypt,betrivers,5.2,3.6,1.7194244604316546,1x2,2026-06-11T20:41:03.941000+00:00,2.5,2.17,1.6578947368421053,,244.32,,,
57,2026-06-22,Argentina,Austria,betrivers,1.6666666666666665,3.8,5.2,1x2,2026-06-11T20:41:03.941000+00:00,2.5,1.9090909090909092,1.847457627118644,,260.32,,,
51,2026-06-22,France,Iraq,betrivers,1.1197604790419162,9.0,23.0,1x2,2026-06-11T20:41:03.941000+00:00,3.5,2.2,1.6369426751592355,,264.32,,,
52,2026-06-22,Norway,Senegal,betrivers,2.15,3.45,3.4,1x2,2026-06-11T20:41:03.941000+00:00,2.5,1.9174311926605505,1.847457627118644,,267.32,,,
58,2026-06-22,Jordan,Algeria,betrivers,6.25,4.1,1.5376344086021505,1x2,2026-06-11T20:41:03.941000+00:00,2.5,1.8771929824561404,1.8771929824561404,,270.32,,,
63,2026-06-23,Portugal,Uzbekistan,betrivers,1.2597402597402598,6.0,11.5,1x2,2026-06-11T20:41:03.941000+00:00,3.5,2.33,1.5714285714285714,,284.32,,,
69,2026-06-23,England,Ghana,betrivers,1.3496503496503496,5.0,9.5,1x2,2026-06-11T20:41:03.941000+00:00,2.5,1.6756756756756757,2.1399999999999997,,287.32,,,
70,2026-06-23,Panama,Croatia,betrivers,6.4,3.85,1.5649717514124295,1x2,2026-06-11T20:41:03.941000+00:00,2.5,1.9523809523809523,1.8,,290.32,,,
64,2026-06-23,Colombia,DR Congo,betrivers,1.5,4.0,7.0,1x2,2026-06-11T20:41:03.941000+00:00,2.5,2.08,1.7092198581560285,,293.32,,,
12,2026-06-24,Bosnia & Herzegovina,Qatar,betrivers,1.617283950617284,3.75,6.0,1x2,2026-06-11T20:41:03.941000+00:00,2.5,2.0700000000000003,1.72992700729927,,310.32,,,
11,2026-06-24,Switzerland,Canada,betrivers,2.1399999999999997,3.3,3.5,1x2,2026-06-11T20:41:03.941000+00:00,2.5,2.08,1.7092198581560285,,310.32,,,
17,2026-06-24,Scotland,Brazil,betrivers,7.5,4.35,1.4545454545454546,1x2,2026-06-11T20:41:03.941000+00:00,2.5,1.819672131147541,1.9433962264150944,,313.32,,,
18,2026-06-24,Morocco,Haiti,betrivers,1.3278688524590163,5.1,9.5,1x2,2026-06-11T20:41:03.941000+00:00,2.5,1.6993006993006992,2.1,,313.32,,,
5,2026-06-24,Czechia,Mexico,betrivers,4.75,3.5,1.7874015748031495,1x2,2026-06-11T20:41:03.941000+00:00,2.5,2.0700000000000003,1.7194244604316546,,316.32,,,
6,2026-06-24,South Africa,South Korea,betrivers,4.6,3.5,1.8064516129032258,1x2,2026-06-11T20:41:03.941000+00:00,2.5,2.08,1.7092198581560285,,316.32,,,
29,2026-06-25,Curaçao,Ivory Coast,betrivers,13.0,6.1,1.2298850574712643,1x2,2026-06-11T20:41:03.941000+00:00,2.5,1.6666666666666665,2.15,,335.32,,,
30,2026-06-25,Ecuador,Germany,betrivers,4.8,3.75,1.7352941176470589,1x2,2026-06-11T20:41:03.941000+00:00,2.5,1.847457627118644,1.9090909090909092,,335.32,,,
35,2026-06-25,Japan,Sweden,betrivers,2.1,3.35,3.6,1x2,2026-06-11T20:41:03.941000+00:00,2.5,2.1,1.6993006993006992,,338.32,,,
36,2026-06-25,Tunisia,Netherlands,betrivers,6.75,4.35,1.4878048780487805,1x2,2026-06-11T20:41:03.941000+00:00,2.5,1.819672131147541,1.9345794392523366,,338.32,,,
24,2026-06-25,Paraguay,Australia,betrivers,2.2,3.25,3.45,1x2,2026-06-11T20:41:03.941000+00:00,2.5,2.23,1.617283950617284,,341.32,,,
53,2026-06-26,Norway,France,betrivers,4.3,3.65,1.8333333333333335,1x2,2026-06-11T20:41:03.941000+00:00,2.5,1.9174311926605505,1.8333333333333335,,358.32,,,
54,2026-06-26,Senegal,Iraq,betrivers,1.434782608695652,4.35,8.0,1x2,2026-06-11T20:41:03.941000+00:00,2.5,1.8928571428571428,1.8547008547008548,,358.32,,,
48,2026-06-26,Uruguay,Spain,betrivers,5.4,3.8,1.6451612903225805,1x2,2026-06-11T20:41:03.941000+00:00,2.5,1.8547008547008548,1.8928571428571428,,363.32,,,
42,2026-06-26,New Zealand,Belgium,betrivers,10.0,5.6,1.2985074626865671,1x2,2026-06-11T20:41:03.941000+00:00,2.5,1.6578947368421053,2.17,,366.32,,,
41,2026-06-26,Egypt,Iran,betrivers,2.23,3.1,3.6,1x2,2026-06-11T20:41:03.941000+00:00,1.5,1.4878048780487805,2.55,,366.32,,,
72,2026-06-27,Croatia,Ghana,betrivers,1.6451612903225805,3.75,5.6,1x2,2026-06-11T20:41:03.941000+00:00,2.5,2.06,1.72992700729927,,384.32,,,
71,2026-06-27,Panama,England,betrivers,10.5,5.5,1.289855072463768,1x2,2026-06-11T20:41:03.941000+00:00,2.5,1.5649717514124295,2.35,,384.32,,,
65,2026-06-27,Colombia,Portugal,betrivers,3.6,3.3,2.12,1x2,2026-06-11T20:41:03.941000+00:00,2.5,2.04,1.7352941176470589,,386.82,,,
66,2026-06-27,DR Congo,Uzbekistan,betrivers,2.35,3.2,3.2,1x2,2026-06-11T20:41:03.941000+00:00,2.5,2.2,1.6369426751592355,,386.82,,,
59,2026-06-27,Algeria,Austria,betrivers,3.5,3.25,2.1799999999999997,1x2,2026-06-11T20:41:03.941000+00:00,2.5,2.1399999999999997,1.6756756756756757,,389.32,,,
60,2026-06-27,Jordan,Argentina,betrivers,15.0,6.75,1.2,1x2,2026-06-11T20:41:03.941000+00:00,3.5,2.35,1.5649717514124295,,389.32,,,
20,2026-06-13,Australia,Turkey,betrivers,5.75,3.75,1.6289308176100628,1x2,2026-06-11T20:41:03.941000+00:00,2.5,1.9615384615384617,1.8,,55.32,,,
22,2026-06-19,Turkey,Paraguay,betrivers,2.23,3.2,3.45,1x2,2026-06-11T20:41:03.941000+00:00,2.5,2.25,1.606060606060606,,198.32,,,
23,2026-06-25,Turkey,United States,betrivers,2.7,3.45,2.55,1x2,2026-06-11T20:41:03.941000+00:00,2.5,1.8333333333333335,1.9174311926605505,,341.32,,,
